seed_id,target_id,source_ideology,source_topic,rank,condition
XCXDjTwbwYU,orkl3SS42BI,feminism,sexual_violence,1,fem_profile
XCXDjTwbwYU,sRFF64dEWC8,feminism,sexual_violence,2,fem_profile
XCXDjTwbwYU,D2X2KX8WtFM,feminism,sexual_violence,3,fem_profile
XCXDjTwbwYU,mJXeb5iHSAg,feminism,sexual_violence,4,fem_profile
XCXDjTwbwYU,fsdt6DfIXqA,feminism,sexual_violence,5,fem_profile
XCXDjTwbwYU,nMKp0JQ63oA,feminism,sexual_violence,6,fem_profile
XCXDjTwbwYU,7eYJQqKFSyo,feminism,sexual_violence,7,fem_profile
XCXDjTwbwYU,WGMgp8sup0w,feminism,sexual_violence,8,fem_profile
XCXDjTwbwYU,yEN0bu8EoQY,feminism,sexual_violence,9,fem_profile
XCXDjTwbwYU,9GNmfVnZEAY,feminism,sexual_violence,10,fem_profile
XCXDjTwbwYU,zGghfKiwfD4,feminism,sexual_violence,11,fem_profile
XCXDjTwbwYU,#NAME?,feminism,sexual_violence,12,fem_profile
XCXDjTwbwYU,itk5BjARJKU,feminism,sexual_violence,13,fem_profile
XCXDjTwbwYU,42UKZmG0sr8,feminism,sexual_violence,14,fem_profile
XCXDjTwbwYU,OCN-dd5J1lE,feminism,sexual_violence,15,fem_profile
XCXDjTwbwYU,cYuFnDyARBw,feminism,sexual_violence,16,fem_profile
XCXDjTwbwYU,qxpADsuaTWM,feminism,sexual_violence,17,fem_profile
XCXDjTwbwYU,mGKQaIUvd2Q,feminism,sexual_violence,18,fem_profile
XCXDjTwbwYU,wtE9cbwaBnE,feminism,sexual_violence,19,fem_profile
XCXDjTwbwYU,9En5_6GmW08,feminism,sexual_violence,20,fem_profile
mJXeb5iHSAg,VpqzCWo2Ev4,feminism,sexual_violence,1,fem_profile
mJXeb5iHSAg,FQIeZDcasdM,feminism,sexual_violence,2,fem_profile
mJXeb5iHSAg,sRFF64dEWC8,feminism,sexual_violence,3,fem_profile
mJXeb5iHSAg,cYuFnDyARBw,feminism,sexual_violence,4,fem_profile
mJXeb5iHSAg,WGMgp8sup0w,feminism,sexual_violence,5,fem_profile
mJXeb5iHSAg,_By71awkTZE,feminism,sexual_violence,6,fem_profile
mJXeb5iHSAg,D2X2KX8WtFM,feminism,sexual_violence,7,fem_profile
mJXeb5iHSAg,iuavywpsZkY,feminism,sexual_violence,8,fem_profile
mJXeb5iHSAg,2ZbP07vpt6U,feminism,sexual_violence,9,fem_profile
mJXeb5iHSAg,ql-JWAneeyw,feminism,sexual_violence,10,fem_profile
mJXeb5iHSAg,mGKQaIUvd2Q,feminism,sexual_violence,11,fem_profile
mJXeb5iHSAg,kPPkcLgoNX4,feminism,sexual_violence,12,fem_profile
mJXeb5iHSAg,HYcujfJvrTs,feminism,sexual_violence,13,fem_profile
mJXeb5iHSAg,9GNmfVnZEAY,feminism,sexual_violence,14,fem_profile
mJXeb5iHSAg,orkl3SS42BI,feminism,sexual_violence,15,fem_profile
mJXeb5iHSAg,uOnVQKzfbZI,feminism,sexual_violence,16,fem_profile
mJXeb5iHSAg,Nxd9bhSEBMI,feminism,sexual_violence,17,fem_profile
mJXeb5iHSAg,yO-ZqRmNAG0,feminism,sexual_violence,18,fem_profile
mJXeb5iHSAg,qPIEdFxVsrg,feminism,sexual_violence,19,fem_profile
mJXeb5iHSAg,9En5_6GmW08,feminism,sexual_violence,20,fem_profile
8ZKbKSHK0qY,5FOC-0P0UMw,feminism,dating_marriage,1,fem_profile
8ZKbKSHK0qY,k2cmSw7vpPI,feminism,dating_marriage,2,fem_profile
8ZKbKSHK0qY,PtnQK89YTVw,feminism,dating_marriage,3,fem_profile
8ZKbKSHK0qY,H_UCGo-pwWE,feminism,dating_marriage,4,fem_profile
8ZKbKSHK0qY,D2X2KX8WtFM,feminism,dating_marriage,5,fem_profile
8ZKbKSHK0qY,L691qyuoONU,feminism,dating_marriage,6,fem_profile
8ZKbKSHK0qY,rkWe3cfdPpk,feminism,dating_marriage,7,fem_profile
8ZKbKSHK0qY,sa6SU6XtlSY,feminism,dating_marriage,8,fem_profile
8ZKbKSHK0qY,S7e8C7fwwkg,feminism,dating_marriage,9,fem_profile
8ZKbKSHK0qY,Fa51m2_OU9g,feminism,dating_marriage,10,fem_profile
8ZKbKSHK0qY,VpqzCWo2Ev4,feminism,dating_marriage,11,fem_profile
8ZKbKSHK0qY,_kTVkpDqwhs,feminism,dating_marriage,12,fem_profile
8ZKbKSHK0qY,VFVEkeNgFlI,feminism,dating_marriage,13,fem_profile
8ZKbKSHK0qY,L5aECsy-GzA,feminism,dating_marriage,14,fem_profile
8ZKbKSHK0qY,yB0q7qWH2RA,feminism,dating_marriage,15,fem_profile
8ZKbKSHK0qY,gGVosWv_EsE,feminism,dating_marriage,16,fem_profile
8ZKbKSHK0qY,FbI6vEerwHU,feminism,dating_marriage,17,fem_profile
8ZKbKSHK0qY,sRFF64dEWC8,feminism,dating_marriage,18,fem_profile
8ZKbKSHK0qY,AbN25aFygww,feminism,dating_marriage,19,fem_profile
8ZKbKSHK0qY,9GNmfVnZEAY,feminism,dating_marriage,20,fem_profile
3luW934Kknw,D2X2KX8WtFM,feminism,dating_marriage,1,fem_profile
3luW934Kknw,fsdt6DfIXqA,feminism,dating_marriage,2,fem_profile
3luW934Kknw,itk5BjARJKU,feminism,dating_marriage,3,fem_profile
3luW934Kknw,sRFF64dEWC8,feminism,dating_marriage,4,fem_profile
3luW934Kknw,-9pAnKMFDeA,feminism,dating_marriage,5,fem_profile
3luW934Kknw,7BkLJuyDevs,feminism,dating_marriage,6,fem_profile
3luW934Kknw,orkl3SS42BI,feminism,dating_marriage,7,fem_profile
3luW934Kknw,mJXeb5iHSAg,feminism,dating_marriage,8,fem_profile
3luW934Kknw,cYuFnDyARBw,feminism,dating_marriage,9,fem_profile
3luW934Kknw,8UK6tbQklvY,feminism,dating_marriage,10,fem_profile
3luW934Kknw,Mvn_TwAwf34,feminism,dating_marriage,11,fem_profile
3luW934Kknw,sa6SU6XtlSY,feminism,dating_marriage,12,fem_profile
3luW934Kknw,dE_6PnByKgo,feminism,dating_marriage,13,fem_profile
3luW934Kknw,eLf4b-vZqYE,feminism,dating_marriage,14,fem_profile
3luW934Kknw,zGghfKiwfD4,feminism,dating_marriage,15,fem_profile
3luW934Kknw,WvX4hDBkFiE,feminism,dating_marriage,16,fem_profile
3luW934Kknw,dRkU55srCHs,feminism,dating_marriage,17,fem_profile
3luW934Kknw,_kTVkpDqwhs,feminism,dating_marriage,18,fem_profile
3luW934Kknw,yEN0bu8EoQY,feminism,dating_marriage,19,fem_profile
3luW934Kknw,5Z0XAnXu-ZI,feminism,dating_marriage,20,fem_profile
sQvZbI80IvQ,pdLHk6SZPIo,feminism,gender_conflict_discourse,1,fem_profile
sQvZbI80IvQ,WzLBg9xpsfM,feminism,gender_conflict_discourse,2,fem_profile
sQvZbI80IvQ,G2OFnCfqGf8,feminism,gender_conflict_discourse,3,fem_profile
sQvZbI80IvQ,WGMgp8sup0w,feminism,gender_conflict_discourse,4,fem_profile
sQvZbI80IvQ,L691qyuoONU,feminism,gender_conflict_discourse,5,fem_profile
sQvZbI80IvQ,D2X2KX8WtFM,feminism,gender_conflict_discourse,6,fem_profile
sQvZbI80IvQ,V-986gyFiKI,feminism,gender_conflict_discourse,7,fem_profile
sQvZbI80IvQ,rkWe3cfdPpk,feminism,gender_conflict_discourse,8,fem_profile
sQvZbI80IvQ,m-o4psmnF_8,feminism,gender_conflict_discourse,9,fem_profile
sQvZbI80IvQ,DOuv8Uc53Qo,feminism,gender_conflict_discourse,10,fem_profile
sQvZbI80IvQ,oYu-OXyMEk4,feminism,gender_conflict_discourse,11,fem_profile
sQvZbI80IvQ,sa6SU6XtlSY,feminism,gender_conflict_discourse,12,fem_profile
sQvZbI80IvQ,7FURpcE-JzE,feminism,gender_conflict_discourse,13,fem_profile
sQvZbI80IvQ,SGjJnFNRlN0,feminism,gender_conflict_discourse,14,fem_profile
sQvZbI80IvQ,7BkLJuyDevs,feminism,gender_conflict_discourse,15,fem_profile
sQvZbI80IvQ,UkSL7oyX_48,feminism,gender_conflict_discourse,16,fem_profile
sQvZbI80IvQ,aOYwJjO_V_M,feminism,gender_conflict_discourse,17,fem_profile
sQvZbI80IvQ,sRFF64dEWC8,feminism,gender_conflict_discourse,18,fem_profile
sQvZbI80IvQ,2BPxHzUeVkg,feminism,gender_conflict_discourse,19,fem_profile
sQvZbI80IvQ,FWPAsbNrsuU,feminism,gender_conflict_discourse,20,fem_profile
5FOC-0P0UMw,wtE9cbwaBnE,feminism,gender_conflict_discourse,1,fem_profile
5FOC-0P0UMw,gMpFERW-L1g,feminism,gender_conflict_discourse,2,fem_profile
5FOC-0P0UMw,m-o4psmnF_8,feminism,gender_conflict_discourse,3,fem_profile
5FOC-0P0UMw,PlzM9QwUpRM,feminism,gender_conflict_discourse,4,fem_profile
5FOC-0P0UMw,yAMabYGU6h0,feminism,gender_conflict_discourse,5,fem_profile
5FOC-0P0UMw,9En5_6GmW08,feminism,gender_conflict_discourse,6,fem_profile
5FOC-0P0UMw,#NAME?,feminism,gender_conflict_discourse,7,fem_profile
5FOC-0P0UMw,J3rODkK_gCQ,feminism,gender_conflict_discourse,8,fem_profile
5FOC-0P0UMw,mJXeb5iHSAg,feminism,gender_conflict_discourse,9,fem_profile
5FOC-0P0UMw,VpqzCWo2Ev4,feminism,gender_conflict_discourse,10,fem_profile
5FOC-0P0UMw,WGMgp8sup0w,feminism,gender_conflict_discourse,11,fem_profile
5FOC-0P0UMw,qGZkmUMW_TM,feminism,gender_conflict_discourse,12,fem_profile
5FOC-0P0UMw,oBIo2AyjNMo,feminism,gender_conflict_discourse,13,fem_profile
5FOC-0P0UMw,p-N3-Q8WyfU,feminism,gender_conflict_discourse,14,fem_profile
5FOC-0P0UMw,MHyc-6mU6Aw,feminism,gender_conflict_discourse,15,fem_profile
5FOC-0P0UMw,cYuFnDyARBw,feminism,gender_conflict_discourse,16,fem_profile
5FOC-0P0UMw,sRFF64dEWC8,feminism,gender_conflict_discourse,17,fem_profile
5FOC-0P0UMw,8OYbPNO3cnc,feminism,gender_conflict_discourse,18,fem_profile
5FOC-0P0UMw,RzS1QAX2ub0,feminism,gender_conflict_discourse,19,fem_profile
5FOC-0P0UMw,uhFgbyypehc,feminism,gender_conflict_discourse,20,fem_profile
TJmGWOjlNKk,o9ExNllLUYY,feminism,electoral_generational_conflict,1,fem_profile
TJmGWOjlNKk,zGghfKiwfD4,feminism,electoral_generational_conflict,2,fem_profile
TJmGWOjlNKk,7BkLJuyDevs,feminism,electoral_generational_conflict,3,fem_profile
TJmGWOjlNKk,rSqxxUXTkfU,feminism,electoral_generational_conflict,4,fem_profile
TJmGWOjlNKk,4wmYHkruOOA,feminism,electoral_generational_conflict,5,fem_profile
TJmGWOjlNKk,mJXeb5iHSAg,feminism,electoral_generational_conflict,6,fem_profile
TJmGWOjlNKk,xBT9fkOYrv4,feminism,electoral_generational_conflict,7,fem_profile
TJmGWOjlNKk,x287A2V9UB4,feminism,electoral_generational_conflict,8,fem_profile
TJmGWOjlNKk,WGMgp8sup0w,feminism,electoral_generational_conflict,9,fem_profile
TJmGWOjlNKk,#NAME?,feminism,electoral_generational_conflict,10,fem_profile
TJmGWOjlNKk,bKbo8Rr5Y_0,feminism,electoral_generational_conflict,11,fem_profile
TJmGWOjlNKk,I8oSZyU6hKo,feminism,electoral_generational_conflict,12,fem_profile
TJmGWOjlNKk,Cz6F9uUiRr4,feminism,electoral_generational_conflict,13,fem_profile
TJmGWOjlNKk,sRFF64dEWC8,feminism,electoral_generational_conflict,14,fem_profile
TJmGWOjlNKk,OUk_fiG3h98,feminism,electoral_generational_conflict,15,fem_profile
TJmGWOjlNKk,#NAME?,feminism,electoral_generational_conflict,16,fem_profile
TJmGWOjlNKk,RzS1QAX2ub0,feminism,electoral_generational_conflict,17,fem_profile
TJmGWOjlNKk,xKtqMDX3uAE,feminism,electoral_generational_conflict,18,fem_profile
TJmGWOjlNKk,InmSMUSYKAY,feminism,electoral_generational_conflict,19,fem_profile
TJmGWOjlNKk,cYuFnDyARBw,feminism,electoral_generational_conflict,20,fem_profile
LyeObL_dUT4,rSqxxUXTkfU,feminism,electoral_generational_conflict,1,fem_profile
LyeObL_dUT4,oGrdnwNZGQo,feminism,electoral_generational_conflict,2,fem_profile
LyeObL_dUT4,D2X2KX8WtFM,feminism,electoral_generational_conflict,3,fem_profile
LyeObL_dUT4,orkl3SS42BI,feminism,electoral_generational_conflict,4,fem_profile
LyeObL_dUT4,WvX4hDBkFiE,feminism,electoral_generational_conflict,5,fem_profile
LyeObL_dUT4,6m1NYkF6a_M,feminism,electoral_generational_conflict,6,fem_profile
LyeObL_dUT4,IbprY3fx3jg,feminism,electoral_generational_conflict,7,fem_profile
LyeObL_dUT4,sRFF64dEWC8,feminism,electoral_generational_conflict,8,fem_profile
LyeObL_dUT4,9En5_6GmW08,feminism,electoral_generational_conflict,9,fem_profile
LyeObL_dUT4,cRb6OAdUxSM,feminism,electoral_generational_conflict,10,fem_profile
LyeObL_dUT4,m-o4psmnF_8,feminism,electoral_generational_conflict,11,fem_profile
LyeObL_dUT4,kWo7fnvZ13w,feminism,electoral_generational_conflict,12,fem_profile
LyeObL_dUT4,Mvn_TwAwf34,feminism,electoral_generational_conflict,13,fem_profile
LyeObL_dUT4,mJXeb5iHSAg,feminism,electoral_generational_conflict,14,fem_profile
LyeObL_dUT4,9EEf5jFgQT4,feminism,electoral_generational_conflict,15,fem_profile
LyeObL_dUT4,oGeXDTgU1AM,feminism,electoral_generational_conflict,16,fem_profile
LyeObL_dUT4,7BkLJuyDevs,feminism,electoral_generational_conflict,17,fem_profile
LyeObL_dUT4,T3OxApzN9oc,feminism,electoral_generational_conflict,18,fem_profile
LyeObL_dUT4,BxNg45UTFGU,feminism,electoral_generational_conflict,19,fem_profile
LyeObL_dUT4,1FCWOCEGlis,feminism,electoral_generational_conflict,20,fem_profile
z8UvpvzEHdA,2ewK9OXaoGo,feminism,beauty_norms,1,fem_profile
z8UvpvzEHdA,jFKnk_UNjx8,feminism,beauty_norms,2,fem_profile
z8UvpvzEHdA,o8ARA3Mhr2Y,feminism,beauty_norms,3,fem_profile
z8UvpvzEHdA,30dKS39GnXg,feminism,beauty_norms,4,fem_profile
z8UvpvzEHdA,RcwCsd4O638,feminism,beauty_norms,5,fem_profile
z8UvpvzEHdA,J9ta0iRKexU,feminism,beauty_norms,6,fem_profile
z8UvpvzEHdA,DfrMCmdaLzA,feminism,beauty_norms,7,fem_profile
z8UvpvzEHdA,WvX4hDBkFiE,feminism,beauty_norms,8,fem_profile
z8UvpvzEHdA,UBiISKpjt1Q,feminism,beauty_norms,9,fem_profile
z8UvpvzEHdA,AYdoIdnOVt4,feminism,beauty_norms,10,fem_profile
z8UvpvzEHdA,WGMgp8sup0w,feminism,beauty_norms,11,fem_profile
z8UvpvzEHdA,Oyus6N4elwM,feminism,beauty_norms,12,fem_profile
z8UvpvzEHdA,nGjHJ2ZXwhE,feminism,beauty_norms,13,fem_profile
z8UvpvzEHdA,sRFF64dEWC8,feminism,beauty_norms,14,fem_profile
z8UvpvzEHdA,9En5_6GmW08,feminism,beauty_norms,15,fem_profile
z8UvpvzEHdA,JfTuOplIOUs,feminism,beauty_norms,16,fem_profile
z8UvpvzEHdA,rPrvvj78uSY,feminism,beauty_norms,17,fem_profile
z8UvpvzEHdA,4Sq-yQDx-as,feminism,beauty_norms,18,fem_profile
z8UvpvzEHdA,Av-kCDQIf50,feminism,beauty_norms,19,fem_profile
z8UvpvzEHdA,zRzuj4gy9HY,feminism,beauty_norms,20,fem_profile
3jpnH2GkO28,broFFZqzsp4,feminism,beauty_norms,1,fem_profile
3jpnH2GkO28,5wVEfBEPK1E,feminism,beauty_norms,2,fem_profile
3jpnH2GkO28,r78s4-fCJ5M,feminism,beauty_norms,3,fem_profile
3jpnH2GkO28,HwtwaLvKggo,feminism,beauty_norms,4,fem_profile
3jpnH2GkO28,6LGciQK_eR4,feminism,beauty_norms,5,fem_profile
3jpnH2GkO28,2xwIxb4sRGI,feminism,beauty_norms,6,fem_profile
3jpnH2GkO28,1821EfKXCaI,feminism,beauty_norms,7,fem_profile
3jpnH2GkO28,HJ38uLfFEIY,feminism,beauty_norms,8,fem_profile
3jpnH2GkO28,S3NTksDLxXs,feminism,beauty_norms,9,fem_profile
3jpnH2GkO28,xBT9fkOYrv4,feminism,beauty_norms,10,fem_profile
3jpnH2GkO28,7H49WjmfWQA,feminism,beauty_norms,11,fem_profile
3jpnH2GkO28,VAm5akxYnNA,feminism,beauty_norms,12,fem_profile
3jpnH2GkO28,EHB0vz0_5fI,feminism,beauty_norms,13,fem_profile
3jpnH2GkO28,bKbo8Rr5Y_0,feminism,beauty_norms,14,fem_profile
3jpnH2GkO28,5Hb20TZzcug,feminism,beauty_norms,15,fem_profile
3jpnH2GkO28,uUplfLWq8hA,feminism,beauty_norms,16,fem_profile
3jpnH2GkO28,wj1f5YGs-gg,feminism,beauty_norms,17,fem_profile
3jpnH2GkO28,Oyus6N4elwM,feminism,beauty_norms,18,fem_profile
3jpnH2GkO28,kUjX-X1DMkc,feminism,beauty_norms,19,fem_profile
3jpnH2GkO28,lyMTZyxVLJA,feminism,beauty_norms,20,fem_profile
I8X66YHIHEA,sRFF64dEWC8,anti_feminism,sexual_violence,1,fem_profile
I8X66YHIHEA,nowv3h-ajSc,anti_feminism,sexual_violence,2,fem_profile
I8X66YHIHEA,gvLWLmsfk7M,anti_feminism,sexual_violence,3,fem_profile
I8X66YHIHEA,hgNwxg5Et2w,anti_feminism,sexual_violence,4,fem_profile
I8X66YHIHEA,nMKp0JQ63oA,anti_feminism,sexual_violence,5,fem_profile
I8X66YHIHEA,4XqQVKPNr3s,anti_feminism,sexual_violence,6,fem_profile
I8X66YHIHEA,KNoj5e1v8xI,anti_feminism,sexual_violence,7,fem_profile
I8X66YHIHEA,HwG6j9oydpA,anti_feminism,sexual_violence,8,fem_profile
I8X66YHIHEA,mJXeb5iHSAg,anti_feminism,sexual_violence,9,fem_profile
I8X66YHIHEA,aylGYuAuCqQ,anti_feminism,sexual_violence,10,fem_profile
I8X66YHIHEA,MikbGE4YClE,anti_feminism,sexual_violence,11,fem_profile
I8X66YHIHEA,orkl3SS42BI,anti_feminism,sexual_violence,12,fem_profile
I8X66YHIHEA,9LmoMnzBcHI,anti_feminism,sexual_violence,13,fem_profile
I8X66YHIHEA,yEN0bu8EoQY,anti_feminism,sexual_violence,14,fem_profile
I8X66YHIHEA,qGZkmUMW_TM,anti_feminism,sexual_violence,15,fem_profile
I8X66YHIHEA,#NAME?,anti_feminism,sexual_violence,16,fem_profile
I8X66YHIHEA,dj_QzDTRg5g,anti_feminism,sexual_violence,17,fem_profile
I8X66YHIHEA,5Z0XAnXu-ZI,anti_feminism,sexual_violence,18,fem_profile
I8X66YHIHEA,WUAPu89oRNs,anti_feminism,sexual_violence,19,fem_profile
I8X66YHIHEA,VpqzCWo2Ev4,anti_feminism,sexual_violence,20,fem_profile
2xE00wGzy1M,YCDLheckOh0,anti_feminism,sexual_violence,1,fem_profile
2xE00wGzy1M,WGMgp8sup0w,anti_feminism,sexual_violence,2,fem_profile
2xE00wGzy1M,mJXeb5iHSAg,anti_feminism,sexual_violence,3,fem_profile
2xE00wGzy1M,jzztSUo8bmE,anti_feminism,sexual_violence,4,fem_profile
2xE00wGzy1M,s1oI9ZTSCdo,anti_feminism,sexual_violence,5,fem_profile
2xE00wGzy1M,N_NaQ8WKC_0,anti_feminism,sexual_violence,6,fem_profile
2xE00wGzy1M,JaTmPk30R2I,anti_feminism,sexual_violence,7,fem_profile
2xE00wGzy1M,sRFF64dEWC8,anti_feminism,sexual_violence,8,fem_profile
2xE00wGzy1M,cM22FQe6LuI,anti_feminism,sexual_violence,9,fem_profile
2xE00wGzy1M,iRFIE1uXIp4,anti_feminism,sexual_violence,10,fem_profile
2xE00wGzy1M,bKbo8Rr5Y_0,anti_feminism,sexual_violence,11,fem_profile
2xE00wGzy1M,jrT3SmKgrOo,anti_feminism,sexual_violence,12,fem_profile
2xE00wGzy1M,5Z0XAnXu-ZI,anti_feminism,sexual_violence,13,fem_profile
2xE00wGzy1M,nMKp0JQ63oA,anti_feminism,sexual_violence,14,fem_profile
2xE00wGzy1M,hgNwxg5Et2w,anti_feminism,sexual_violence,15,fem_profile
2xE00wGzy1M,4XqQVKPNr3s,anti_feminism,sexual_violence,16,fem_profile
2xE00wGzy1M,_By71awkTZE,anti_feminism,sexual_violence,17,fem_profile
2xE00wGzy1M,AZ5ybRlE8J8,anti_feminism,sexual_violence,18,fem_profile
2xE00wGzy1M,#NAME?,anti_feminism,sexual_violence,19,fem_profile
2xE00wGzy1M,srL1p8p5FU4,anti_feminism,sexual_violence,20,fem_profile
A9kKp94b8kw,HwtwaLvKggo,anti_feminism,dating_marriage,1,fem_profile
A9kKp94b8kw,xBT9fkOYrv4,anti_feminism,dating_marriage,2,fem_profile
A9kKp94b8kw,kp4aOcgjFKM,anti_feminism,dating_marriage,3,fem_profile
A9kKp94b8kw,Eu0XMrZ55CE,anti_feminism,dating_marriage,4,fem_profile
A9kKp94b8kw,uUplfLWq8hA,anti_feminism,dating_marriage,5,fem_profile
A9kKp94b8kw,NWpdd-AgbWQ,anti_feminism,dating_marriage,6,fem_profile
A9kKp94b8kw,S7e8C7fwwkg,anti_feminism,dating_marriage,7,fem_profile
A9kKp94b8kw,Z97n_QmHE5g,anti_feminism,dating_marriage,8,fem_profile
A9kKp94b8kw,inrVnIrVAQA,anti_feminism,dating_marriage,9,fem_profile
A9kKp94b8kw,uqwmJBuH5EI,anti_feminism,dating_marriage,10,fem_profile
A9kKp94b8kw,Ldf0WBni8ww,anti_feminism,dating_marriage,11,fem_profile
A9kKp94b8kw,79uxxpPmLts,anti_feminism,dating_marriage,12,fem_profile
A9kKp94b8kw,bKbo8Rr5Y_0,anti_feminism,dating_marriage,13,fem_profile
A9kKp94b8kw,YCDLheckOh0,anti_feminism,dating_marriage,14,fem_profile
A9kKp94b8kw,Oyus6N4elwM,anti_feminism,dating_marriage,15,fem_profile
A9kKp94b8kw,Riu6YgnKGo8,anti_feminism,dating_marriage,16,fem_profile
A9kKp94b8kw,sRFF64dEWC8,anti_feminism,dating_marriage,17,fem_profile
A9kKp94b8kw,D2p5HZWuJbo,anti_feminism,dating_marriage,18,fem_profile
A9kKp94b8kw,2l8T3pSevJ0,anti_feminism,dating_marriage,19,fem_profile
A9kKp94b8kw,5FOC-0P0UMw,anti_feminism,dating_marriage,20,fem_profile
PrfaI9z0mGU,HwtwaLvKggo,anti_feminism,dating_marriage,1,fem_profile
PrfaI9z0mGU,xBT9fkOYrv4,anti_feminism,dating_marriage,2,fem_profile
PrfaI9z0mGU,8mz7clD_sLM,anti_feminism,dating_marriage,3,fem_profile
PrfaI9z0mGU,0QjKiGay3QQ,anti_feminism,dating_marriage,4,fem_profile
PrfaI9z0mGU,4Sj2DG3wNvs,anti_feminism,dating_marriage,5,fem_profile
PrfaI9z0mGU,mJXeb5iHSAg,anti_feminism,dating_marriage,6,fem_profile
PrfaI9z0mGU,#NAME?,anti_feminism,dating_marriage,7,fem_profile
PrfaI9z0mGU,s2FDNTV74Ys,anti_feminism,dating_marriage,8,fem_profile
PrfaI9z0mGU,x287A2V9UB4,anti_feminism,dating_marriage,9,fem_profile
PrfaI9z0mGU,An7a7jXIxnk,anti_feminism,dating_marriage,10,fem_profile
PrfaI9z0mGU,bKbo8Rr5Y_0,anti_feminism,dating_marriage,11,fem_profile
PrfaI9z0mGU,Oyus6N4elwM,anti_feminism,dating_marriage,12,fem_profile
PrfaI9z0mGU,TQwOUxo9vUM,anti_feminism,dating_marriage,13,fem_profile
PrfaI9z0mGU,_By71awkTZE,anti_feminism,dating_marriage,14,fem_profile
PrfaI9z0mGU,uUplfLWq8hA,anti_feminism,dating_marriage,15,fem_profile
PrfaI9z0mGU,b_NPjrLQoEI,anti_feminism,dating_marriage,16,fem_profile
PrfaI9z0mGU,WvX4hDBkFiE,anti_feminism,dating_marriage,17,fem_profile
PrfaI9z0mGU,F2hzeNWoB_Q,anti_feminism,dating_marriage,18,fem_profile
PrfaI9z0mGU,5FOC-0P0UMw,anti_feminism,dating_marriage,19,fem_profile
PrfaI9z0mGU,sRFF64dEWC8,anti_feminism,dating_marriage,20,fem_profile
rDWTEVUfEcY,rSqxxUXTkfU,anti_feminism,gender_conflict_discourse,1,fem_profile
rDWTEVUfEcY,K_IGrEmA7tM,anti_feminism,gender_conflict_discourse,2,fem_profile
rDWTEVUfEcY,WvX4hDBkFiE,anti_feminism,gender_conflict_discourse,3,fem_profile
rDWTEVUfEcY,WGMgp8sup0w,anti_feminism,gender_conflict_discourse,4,fem_profile
rDWTEVUfEcY,9En5_6GmW08,anti_feminism,gender_conflict_discourse,5,fem_profile
rDWTEVUfEcY,mJXeb5iHSAg,anti_feminism,gender_conflict_discourse,6,fem_profile
rDWTEVUfEcY,VpqzCWo2Ev4,anti_feminism,gender_conflict_discourse,7,fem_profile
rDWTEVUfEcY,cYuFnDyARBw,anti_feminism,gender_conflict_discourse,8,fem_profile
rDWTEVUfEcY,7BkLJuyDevs,anti_feminism,gender_conflict_discourse,9,fem_profile
rDWTEVUfEcY,orkl3SS42BI,anti_feminism,gender_conflict_discourse,10,fem_profile
rDWTEVUfEcY,oGeXDTgU1AM,anti_feminism,gender_conflict_discourse,11,fem_profile
rDWTEVUfEcY,m-o4psmnF_8,anti_feminism,gender_conflict_discourse,12,fem_profile
rDWTEVUfEcY,ZW1bIqDrBEo,anti_feminism,gender_conflict_discourse,13,fem_profile
rDWTEVUfEcY,DnPrxy-QTy0,anti_feminism,gender_conflict_discourse,14,fem_profile
rDWTEVUfEcY,bKbo8Rr5Y_0,anti_feminism,gender_conflict_discourse,15,fem_profile
rDWTEVUfEcY,sRFF64dEWC8,anti_feminism,gender_conflict_discourse,16,fem_profile
rDWTEVUfEcY,ZOi1N9vtyCM,anti_feminism,gender_conflict_discourse,17,fem_profile
rDWTEVUfEcY,08PlDdDmEDI,anti_feminism,gender_conflict_discourse,18,fem_profile
rDWTEVUfEcY,MHyc-6mU6Aw,anti_feminism,gender_conflict_discourse,19,fem_profile
rDWTEVUfEcY,D2X2KX8WtFM,anti_feminism,gender_conflict_discourse,20,fem_profile
zaUVwiD2keU,PlzM9QwUpRM,anti_feminism,gender_conflict_discourse,1,fem_profile
zaUVwiD2keU,WGMgp8sup0w,anti_feminism,gender_conflict_discourse,2,fem_profile
zaUVwiD2keU,Dg2jvCTdHWY,anti_feminism,gender_conflict_discourse,3,fem_profile
zaUVwiD2keU,WvX4hDBkFiE,anti_feminism,gender_conflict_discourse,4,fem_profile
zaUVwiD2keU,mJXeb5iHSAg,anti_feminism,gender_conflict_discourse,5,fem_profile
zaUVwiD2keU,OOz95-8tQic,anti_feminism,gender_conflict_discourse,6,fem_profile
zaUVwiD2keU,9En5_6GmW08,anti_feminism,gender_conflict_discourse,7,fem_profile
zaUVwiD2keU,LPZh9BOjkQs,anti_feminism,gender_conflict_discourse,8,fem_profile
zaUVwiD2keU,sRFF64dEWC8,anti_feminism,gender_conflict_discourse,9,fem_profile
zaUVwiD2keU,VpqzCWo2Ev4,anti_feminism,gender_conflict_discourse,10,fem_profile
zaUVwiD2keU,xBT9fkOYrv4,anti_feminism,gender_conflict_discourse,11,fem_profile
zaUVwiD2keU,orkl3SS42BI,anti_feminism,gender_conflict_discourse,12,fem_profile
zaUVwiD2keU,K_IGrEmA7tM,anti_feminism,gender_conflict_discourse,13,fem_profile
zaUVwiD2keU,bKbo8Rr5Y_0,anti_feminism,gender_conflict_discourse,14,fem_profile
zaUVwiD2keU,qhluH7CanNM,anti_feminism,gender_conflict_discourse,15,fem_profile
zaUVwiD2keU,cYuFnDyARBw,anti_feminism,gender_conflict_discourse,16,fem_profile
zaUVwiD2keU,4osogSFa7hA,anti_feminism,gender_conflict_discourse,17,fem_profile
zaUVwiD2keU,4m00WPCvRZw,anti_feminism,gender_conflict_discourse,18,fem_profile
zaUVwiD2keU,J1FNN34HCsQ,anti_feminism,gender_conflict_discourse,19,fem_profile
zaUVwiD2keU,RzS1QAX2ub0,anti_feminism,gender_conflict_discourse,20,fem_profile
2F4R2yv9Vv0,m-o4psmnF_8,anti_feminism,electoral_generational_conflict,1,fem_profile
2F4R2yv9Vv0,7eYJQqKFSyo,anti_feminism,electoral_generational_conflict,2,fem_profile
2F4R2yv9Vv0,zGghfKiwfD4,anti_feminism,electoral_generational_conflict,3,fem_profile
2F4R2yv9Vv0,mJXeb5iHSAg,anti_feminism,electoral_generational_conflict,4,fem_profile
2F4R2yv9Vv0,KSsNViYImt0,anti_feminism,electoral_generational_conflict,5,fem_profile
2F4R2yv9Vv0,WvX4hDBkFiE,anti_feminism,electoral_generational_conflict,6,fem_profile
2F4R2yv9Vv0,pZws_AxGxP0,anti_feminism,electoral_generational_conflict,7,fem_profile
2F4R2yv9Vv0,D2X2KX8WtFM,anti_feminism,electoral_generational_conflict,8,fem_profile
2F4R2yv9Vv0,sRFF64dEWC8,anti_feminism,electoral_generational_conflict,9,fem_profile
2F4R2yv9Vv0,qGZkmUMW_TM,anti_feminism,electoral_generational_conflict,10,fem_profile
2F4R2yv9Vv0,WGMgp8sup0w,anti_feminism,electoral_generational_conflict,11,fem_profile
2F4R2yv9Vv0,j714vCY8jjI,anti_feminism,electoral_generational_conflict,12,fem_profile
2F4R2yv9Vv0,XMPJMPasjk8,anti_feminism,electoral_generational_conflict,13,fem_profile
2F4R2yv9Vv0,9En5_6GmW08,anti_feminism,electoral_generational_conflict,14,fem_profile
2F4R2yv9Vv0,VpqzCWo2Ev4,anti_feminism,electoral_generational_conflict,15,fem_profile
2F4R2yv9Vv0,orkl3SS42BI,anti_feminism,electoral_generational_conflict,16,fem_profile
2F4R2yv9Vv0,uj-uWz-wsKI,anti_feminism,electoral_generational_conflict,17,fem_profile
2F4R2yv9Vv0,wtE9cbwaBnE,anti_feminism,electoral_generational_conflict,18,fem_profile
2F4R2yv9Vv0,_By71awkTZE,anti_feminism,electoral_generational_conflict,19,fem_profile
2F4R2yv9Vv0,yEN0bu8EoQY,anti_feminism,electoral_generational_conflict,20,fem_profile
U2oPNZkA6Do,rSqxxUXTkfU,anti_feminism,electoral_generational_conflict,1,fem_profile
U2oPNZkA6Do,5Z0XAnXu-ZI,anti_feminism,electoral_generational_conflict,2,fem_profile
U2oPNZkA6Do,kiUXIlY_WyM,anti_feminism,electoral_generational_conflict,3,fem_profile
U2oPNZkA6Do,D2X2KX8WtFM,anti_feminism,electoral_generational_conflict,4,fem_profile
U2oPNZkA6Do,j4M760uHsiY,anti_feminism,electoral_generational_conflict,5,fem_profile
U2oPNZkA6Do,Ylj5Aun0cjQ,anti_feminism,electoral_generational_conflict,6,fem_profile
U2oPNZkA6Do,jzztSUo8bmE,anti_feminism,electoral_generational_conflict,7,fem_profile
U2oPNZkA6Do,iutnOP0urNo,anti_feminism,electoral_generational_conflict,8,fem_profile
U2oPNZkA6Do,04zCXTKuMMk,anti_feminism,electoral_generational_conflict,9,fem_profile
U2oPNZkA6Do,q_aZzCwksLI,anti_feminism,electoral_generational_conflict,10,fem_profile
U2oPNZkA6Do,oGeXDTgU1AM,anti_feminism,electoral_generational_conflict,11,fem_profile
U2oPNZkA6Do,WvX4hDBkFiE,anti_feminism,electoral_generational_conflict,12,fem_profile
U2oPNZkA6Do,9En5_6GmW08,anti_feminism,electoral_generational_conflict,13,fem_profile
U2oPNZkA6Do,mJXeb5iHSAg,anti_feminism,electoral_generational_conflict,14,fem_profile
U2oPNZkA6Do,15qr0AMiM2M,anti_feminism,electoral_generational_conflict,15,fem_profile
U2oPNZkA6Do,7BkLJuyDevs,anti_feminism,electoral_generational_conflict,16,fem_profile
U2oPNZkA6Do,ljslJCU0zcI,anti_feminism,electoral_generational_conflict,17,fem_profile
U2oPNZkA6Do,orkl3SS42BI,anti_feminism,electoral_generational_conflict,18,fem_profile
U2oPNZkA6Do,WqUfPdkk_II,anti_feminism,electoral_generational_conflict,19,fem_profile
U2oPNZkA6Do,f_yEsI0ZNNo,anti_feminism,electoral_generational_conflict,20,fem_profile
5bD3xJ3MDf4,4ZNgXeNxfMQ,anti_feminism,beauty_norms,1,fem_profile
5bD3xJ3MDf4,5FOC-0P0UMw,anti_feminism,beauty_norms,2,fem_profile
5bD3xJ3MDf4,DQxC2XG7whc,anti_feminism,beauty_norms,3,fem_profile
5bD3xJ3MDf4,WvX4hDBkFiE,anti_feminism,beauty_norms,4,fem_profile
5bD3xJ3MDf4,LPZ5HYO1EaI,anti_feminism,beauty_norms,5,fem_profile
5bD3xJ3MDf4,K_IGrEmA7tM,anti_feminism,beauty_norms,6,fem_profile
5bD3xJ3MDf4,nMKp0JQ63oA,anti_feminism,beauty_norms,7,fem_profile
5bD3xJ3MDf4,WGMgp8sup0w,anti_feminism,beauty_norms,8,fem_profile
5bD3xJ3MDf4,wQjXjfpw2nM,anti_feminism,beauty_norms,9,fem_profile
5bD3xJ3MDf4,VpqzCWo2Ev4,anti_feminism,beauty_norms,10,fem_profile
5bD3xJ3MDf4,xKvVXzvfDPs,anti_feminism,beauty_norms,11,fem_profile
5bD3xJ3MDf4,RzS1QAX2ub0,anti_feminism,beauty_norms,12,fem_profile
5bD3xJ3MDf4,vO2Wl0F6QWs,anti_feminism,beauty_norms,13,fem_profile
5bD3xJ3MDf4,9En5_6GmW08,anti_feminism,beauty_norms,14,fem_profile
5bD3xJ3MDf4,itk5BjARJKU,anti_feminism,beauty_norms,15,fem_profile
5bD3xJ3MDf4,sRFF64dEWC8,anti_feminism,beauty_norms,16,fem_profile
5bD3xJ3MDf4,#NAME?,anti_feminism,beauty_norms,17,fem_profile
5bD3xJ3MDf4,nGjHJ2ZXwhE,anti_feminism,beauty_norms,18,fem_profile
5bD3xJ3MDf4,OeClrlcnuy8,anti_feminism,beauty_norms,19,fem_profile
5bD3xJ3MDf4,An7a7jXIxnk,anti_feminism,beauty_norms,20,fem_profile
39CppyooX14,HwtwaLvKggo,anti_feminism,beauty_norms,1,fem_profile
39CppyooX14,9En5_6GmW08,anti_feminism,beauty_norms,2,fem_profile
39CppyooX14,YIJwLt7tQXk,anti_feminism,beauty_norms,3,fem_profile
39CppyooX14,1821EfKXCaI,anti_feminism,beauty_norms,4,fem_profile
39CppyooX14,K_IGrEmA7tM,anti_feminism,beauty_norms,5,fem_profile
39CppyooX14,J1_JW38xQMk,anti_feminism,beauty_norms,6,fem_profile
39CppyooX14,MoXIxX84Wtg,anti_feminism,beauty_norms,7,fem_profile
39CppyooX14,mJXeb5iHSAg,anti_feminism,beauty_norms,8,fem_profile
39CppyooX14,4uCznFPqcHE,anti_feminism,beauty_norms,9,fem_profile
39CppyooX14,WvX4hDBkFiE,anti_feminism,beauty_norms,10,fem_profile
39CppyooX14,VpqzCWo2Ev4,anti_feminism,beauty_norms,11,fem_profile
39CppyooX14,AYdoIdnOVt4,anti_feminism,beauty_norms,12,fem_profile
39CppyooX14,sRFF64dEWC8,anti_feminism,beauty_norms,13,fem_profile
39CppyooX14,WGMgp8sup0w,anti_feminism,beauty_norms,14,fem_profile
39CppyooX14,7BkLJuyDevs,anti_feminism,beauty_norms,15,fem_profile
39CppyooX14,VAm5akxYnNA,anti_feminism,beauty_norms,16,fem_profile
39CppyooX14,uUplfLWq8hA,anti_feminism,beauty_norms,17,fem_profile
39CppyooX14,NKIsuDKMWyk,anti_feminism,beauty_norms,18,fem_profile
39CppyooX14,Oyus6N4elwM,anti_feminism,beauty_norms,19,fem_profile
39CppyooX14,bKbo8Rr5Y_0,anti_feminism,beauty_norms,20,fem_profile