seed_id,target_id,source_ideology,source_topic,rank,condition
I8X66YHIHEA,xUwikz7-wEg,anti_feminism,sexual_violence,1,baseline 
I8X66YHIHEA,1-OQ6yG9OIU,anti_feminism,sexual_violence,2,baseline 
I8X66YHIHEA,8esjccnsrDo,anti_feminism,sexual_violence,3,baseline 
I8X66YHIHEA,c9mqpZsaLZI,anti_feminism,sexual_violence,4,baseline 
I8X66YHIHEA,zqHmY35wyr0,anti_feminism,sexual_violence,5,baseline 
I8X66YHIHEA,HwG6j9oydpA,anti_feminism,sexual_violence,6,baseline 
I8X66YHIHEA,h1_Vo0QxzbU,anti_feminism,sexual_violence,7,baseline 
I8X66YHIHEA,gvLWLmsfk7M,anti_feminism,sexual_violence,8,baseline 
I8X66YHIHEA,RkARzQimk5U,anti_feminism,sexual_violence,9,baseline 
I8X66YHIHEA,WUAPu89oRNs,anti_feminism,sexual_violence,10,baseline 
I8X66YHIHEA,wguFOXUrdtE,anti_feminism,sexual_violence,11,baseline 
I8X66YHIHEA,3IBAFpwXYCQ,anti_feminism,sexual_violence,12,baseline 
I8X66YHIHEA,oWDVTIc5Hf8,anti_feminism,sexual_violence,13,baseline 
I8X66YHIHEA,aylGYuAuCqQ,anti_feminism,sexual_violence,14,baseline 
I8X66YHIHEA,co64UIafvvQ,anti_feminism,sexual_violence,15,baseline 
I8X66YHIHEA,PlL1sEGKnW4,anti_feminism,sexual_violence,16,baseline 
I8X66YHIHEA,s1oI9ZTSCdo,anti_feminism,sexual_violence,17,baseline 
I8X66YHIHEA,2xE00wGzy1M,anti_feminism,sexual_violence,18,baseline 
I8X66YHIHEA,qRlzNewkCDY,anti_feminism,sexual_violence,19,baseline 
I8X66YHIHEA,MikbGE4YClE,anti_feminism,sexual_violence,20,baseline 
2xE00wGzy1M,Sns5h1_Dz90,anti_feminism,sexual_violence,1,baseline 
2xE00wGzy1M,9LmoMnzBcHI,anti_feminism,sexual_violence,2,baseline 
2xE00wGzy1M,9ELcDEr5WQ0,anti_feminism,sexual_violence,3,baseline 
2xE00wGzy1M,jblIRqZiJgA,anti_feminism,sexual_violence,4,baseline 
2xE00wGzy1M,aylGYuAuCqQ,anti_feminism,sexual_violence,5,baseline 
2xE00wGzy1M,gi3jLUXGKf8,anti_feminism,sexual_violence,6,baseline 
2xE00wGzy1M,hgNwxg5Et2w,anti_feminism,sexual_violence,7,baseline 
2xE00wGzy1M,wguFOXUrdtE,anti_feminism,sexual_violence,8,baseline 
2xE00wGzy1M,xUwikz7-wEg,anti_feminism,sexual_violence,9,baseline 
2xE00wGzy1M,0Cox0G6e5y8,anti_feminism,sexual_violence,10,baseline 
2xE00wGzy1M,UeNvy-8-5pI,anti_feminism,sexual_violence,11,baseline 
2xE00wGzy1M,UHsnXDp4h9I,anti_feminism,sexual_violence,12,baseline 
2xE00wGzy1M,Vd6VbgPfIEE,anti_feminism,sexual_violence,13,baseline 
2xE00wGzy1M,GWTeST8OHkE,anti_feminism,sexual_violence,14,baseline 
2xE00wGzy1M,CF_-GTj6fTE,anti_feminism,sexual_violence,15,baseline 
2xE00wGzy1M,PlL1sEGKnW4,anti_feminism,sexual_violence,16,baseline 
2xE00wGzy1M,cFNPut1KHYI,anti_feminism,sexual_violence,17,baseline 
2xE00wGzy1M,8dczh8aJnYY,anti_feminism,sexual_violence,18,baseline 
2xE00wGzy1M,u7LaJN3EL4I,anti_feminism,sexual_violence,19,baseline 
2xE00wGzy1M,F6c_Aq-Npdg,anti_feminism,sexual_violence,20,baseline 
A9kKp94b8kw,RcyfTndrlYY,anti_feminism,dating_marriage,1,baseline 
A9kKp94b8kw,dRwB9eljD3w,anti_feminism,dating_marriage,2,baseline 
A9kKp94b8kw,Riu6YgnKGo8,anti_feminism,dating_marriage,3,baseline 
A9kKp94b8kw,wLU44OSGqGI,anti_feminism,dating_marriage,4,baseline 
A9kKp94b8kw,8kynGHUAC_I,anti_feminism,dating_marriage,5,baseline 
A9kKp94b8kw,HHWLMhSohuc,anti_feminism,dating_marriage,6,baseline 
A9kKp94b8kw,0IQpJao9848,anti_feminism,dating_marriage,7,baseline 
A9kKp94b8kw,RxCKNFeGRoc,anti_feminism,dating_marriage,8,baseline 
A9kKp94b8kw,cVZDsscuJXE,anti_feminism,dating_marriage,9,baseline 
A9kKp94b8kw,VEzRoKekNrI,anti_feminism,dating_marriage,10,baseline 
A9kKp94b8kw,kGX7zCPB_r4,anti_feminism,dating_marriage,11,baseline 
A9kKp94b8kw,y28QbaodQyw,anti_feminism,dating_marriage,12,baseline 
A9kKp94b8kw,KCOyva7wgVs,anti_feminism,dating_marriage,13,baseline 
A9kKp94b8kw,flN8J8RZuug,anti_feminism,dating_marriage,14,baseline 
A9kKp94b8kw,wQjXjfpw2nM,anti_feminism,dating_marriage,15,baseline 
A9kKp94b8kw,rBhMUZzd_rE,anti_feminism,dating_marriage,16,baseline 
A9kKp94b8kw,Kmtin-ozbBw,anti_feminism,dating_marriage,17,baseline 
A9kKp94b8kw,rG5os0ktzeg,anti_feminism,dating_marriage,18,baseline 
A9kKp94b8kw,CLQTff2Qvtw,anti_feminism,dating_marriage,19,baseline 
A9kKp94b8kw,79uxxpPmLts,anti_feminism,dating_marriage,20,baseline 
PrfaI9z0mGU,6cKSXCIi1xM,anti_feminism,dating_marriage,1,baseline 
PrfaI9z0mGU,vFPd87EdGxA,anti_feminism,dating_marriage,2,baseline 
PrfaI9z0mGU,8mz7clD_sLM,anti_feminism,dating_marriage,3,baseline 
PrfaI9z0mGU,4Sj2DG3wNvs,anti_feminism,dating_marriage,4,baseline 
PrfaI9z0mGU,PnJrE6f7mxg,anti_feminism,dating_marriage,5,baseline 
PrfaI9z0mGU,SEa-3AoIs8w,anti_feminism,dating_marriage,6,baseline 
PrfaI9z0mGU,vRGU8oZm5AM,anti_feminism,dating_marriage,7,baseline 
PrfaI9z0mGU,FOQDoa72Nic,anti_feminism,dating_marriage,8,baseline 
PrfaI9z0mGU,qVC0RtJNSP8,anti_feminism,dating_marriage,9,baseline 
PrfaI9z0mGU,IEEsArxoSoo,anti_feminism,dating_marriage,10,baseline 
PrfaI9z0mGU,ijo_ACGCwo0,anti_feminism,dating_marriage,11,baseline 
PrfaI9z0mGU,Cr-4KwESJoo,anti_feminism,dating_marriage,12,baseline 
PrfaI9z0mGU,KCc3vLhsfOo,anti_feminism,dating_marriage,13,baseline 
PrfaI9z0mGU,flN8J8RZuug,anti_feminism,dating_marriage,14,baseline 
PrfaI9z0mGU,6QeqLwOefiw,anti_feminism,dating_marriage,15,baseline 
PrfaI9z0mGU,tkRUJodjLsY,anti_feminism,dating_marriage,16,baseline 
PrfaI9z0mGU,oO9bNvepZfU,anti_feminism,dating_marriage,17,baseline 
PrfaI9z0mGU,V4TSURKTRXU,anti_feminism,dating_marriage,18,baseline 
PrfaI9z0mGU,nnf0YvdmAmw,anti_feminism,dating_marriage,19,baseline 
PrfaI9z0mGU,aivgiHXmc_I,anti_feminism,dating_marriage,20,baseline 
rDWTEVUfEcY,QUNyw8Ca90E,anti_feminism,gender_conflict_discourse,1,baseline 
rDWTEVUfEcY,04zCXTKuMMk,anti_feminism,gender_conflict_discourse,2,baseline 
rDWTEVUfEcY,oWDVTIc5Hf8,anti_feminism,gender_conflict_discourse,3,baseline 
rDWTEVUfEcY,dj_QzDTRg5g,anti_feminism,gender_conflict_discourse,4,baseline 
rDWTEVUfEcY,08PlDdDmEDI,anti_feminism,gender_conflict_discourse,5,baseline 
rDWTEVUfEcY,oGeXDTgU1AM,anti_feminism,gender_conflict_discourse,6,baseline 
rDWTEVUfEcY,MFllCjqGHRo,anti_feminism,gender_conflict_discourse,7,baseline 
rDWTEVUfEcY,LKJMwzcWctQ,anti_feminism,gender_conflict_discourse,8,baseline 
rDWTEVUfEcY,Jk0n1Bn9R8M,anti_feminism,gender_conflict_discourse,9,baseline 
rDWTEVUfEcY,XCpZ-6_8zDQ,anti_feminism,gender_conflict_discourse,10,baseline 
rDWTEVUfEcY,epQGMKTicN4,anti_feminism,gender_conflict_discourse,11,baseline 
rDWTEVUfEcY,Tslysu_mtyc,anti_feminism,gender_conflict_discourse,12,baseline 
rDWTEVUfEcY,cL1EsgFqVLU,anti_feminism,gender_conflict_discourse,13,baseline 
rDWTEVUfEcY,kWP6Ij1U2Sg,anti_feminism,gender_conflict_discourse,14,baseline 
rDWTEVUfEcY,h1_Vo0QxzbU,anti_feminism,gender_conflict_discourse,15,baseline 
rDWTEVUfEcY,gvLWLmsfk7M,anti_feminism,gender_conflict_discourse,16,baseline 
rDWTEVUfEcY,XAdR1PaPzqQ,anti_feminism,gender_conflict_discourse,17,baseline 
rDWTEVUfEcY,FdKtvmTBAXc,anti_feminism,gender_conflict_discourse,18,baseline 
rDWTEVUfEcY,yHzJpEdZmr8,anti_feminism,gender_conflict_discourse,19,baseline 
rDWTEVUfEcY,SxYEtMjZWcs,anti_feminism,gender_conflict_discourse,20,baseline 
zaUVwiD2keU,MW_kYAFav-c,anti_feminism,gender_conflict_discourse,1,baseline 
zaUVwiD2keU,Tslysu_mtyc,anti_feminism,gender_conflict_discourse,2,baseline 
zaUVwiD2keU,clvneMg9SR0,anti_feminism,gender_conflict_discourse,3,baseline 
zaUVwiD2keU,LLHJf9nx6Yg,anti_feminism,gender_conflict_discourse,4,baseline 
zaUVwiD2keU,3jNmX2gtuKA,anti_feminism,gender_conflict_discourse,5,baseline 
zaUVwiD2keU,4m00WPCvRZw,anti_feminism,gender_conflict_discourse,6,baseline 
zaUVwiD2keU,PJ6EJPBX-R4,anti_feminism,gender_conflict_discourse,7,baseline 
zaUVwiD2keU,c5T7xjhcW1k,anti_feminism,gender_conflict_discourse,8,baseline 
zaUVwiD2keU,zH-CdfAQUFU,anti_feminism,gender_conflict_discourse,9,baseline 
zaUVwiD2keU,dJUW2xWrjkY,anti_feminism,gender_conflict_discourse,10,baseline 
zaUVwiD2keU,MUH8szIcXQo,anti_feminism,gender_conflict_discourse,11,baseline 
zaUVwiD2keU,riPhavChrVM,anti_feminism,gender_conflict_discourse,12,baseline 
zaUVwiD2keU,hCvz-srP6bE,anti_feminism,gender_conflict_discourse,13,baseline 
zaUVwiD2keU,oO3uVjs_1gg,anti_feminism,gender_conflict_discourse,14,baseline 
zaUVwiD2keU,uXOGRdTX2pY,anti_feminism,gender_conflict_discourse,15,baseline 
zaUVwiD2keU,VToEAj-Iwd8,anti_feminism,gender_conflict_discourse,16,baseline 
zaUVwiD2keU,pX1mZumMQ8s,anti_feminism,gender_conflict_discourse,17,baseline 
zaUVwiD2keU,Yy0jDix3rpU,anti_feminism,gender_conflict_discourse,18,baseline 
zaUVwiD2keU,etU12hGn7IA,anti_feminism,gender_conflict_discourse,19,baseline 
zaUVwiD2keU,E5eu-5CmSu4,anti_feminism,gender_conflict_discourse,20,baseline 
2F4R2yv9Vv0,BPfaGBehW98,anti_feminism,electoral_generational_conflict,1,baseline 
2F4R2yv9Vv0,yu2nWsAIVcE,anti_feminism,electoral_generational_conflict,2,baseline 
2F4R2yv9Vv0,h6hZNwiMMx4,anti_feminism,electoral_generational_conflict,3,baseline 
2F4R2yv9Vv0,9cFM1kKWqxE,anti_feminism,electoral_generational_conflict,4,baseline 
2F4R2yv9Vv0,KSsNViYImt0,anti_feminism,electoral_generational_conflict,5,baseline 
2F4R2yv9Vv0,E6ACxaFfrTM,anti_feminism,electoral_generational_conflict,6,baseline 
2F4R2yv9Vv0,NkHy4u6B5iQ,anti_feminism,electoral_generational_conflict,7,baseline 
2F4R2yv9Vv0,x_5g8eAz424,anti_feminism,electoral_generational_conflict,8,baseline 
2F4R2yv9Vv0,3oozJssFCxY,anti_feminism,electoral_generational_conflict,9,baseline 
2F4R2yv9Vv0,12NlsNn2JME,anti_feminism,electoral_generational_conflict,10,baseline 
2F4R2yv9Vv0,SxYEtMjZWcs,anti_feminism,electoral_generational_conflict,11,baseline 
2F4R2yv9Vv0,gPKvdWJJdEY,anti_feminism,electoral_generational_conflict,12,baseline 
2F4R2yv9Vv0,nNPX4ecX-dY,anti_feminism,electoral_generational_conflict,13,baseline 
2F4R2yv9Vv0,HfqzzulL3k0,anti_feminism,electoral_generational_conflict,14,baseline 
2F4R2yv9Vv0,cL1EsgFqVLU,anti_feminism,electoral_generational_conflict,15,baseline 
2F4R2yv9Vv0,uXCPOZdxZHo,anti_feminism,electoral_generational_conflict,16,baseline 
2F4R2yv9Vv0,B4EksK2eaWA,anti_feminism,electoral_generational_conflict,17,baseline 
2F4R2yv9Vv0,A0pRFd9GYlk,anti_feminism,electoral_generational_conflict,18,baseline 
2F4R2yv9Vv0,dmNCUFI5_yY,anti_feminism,electoral_generational_conflict,19,baseline 
2F4R2yv9Vv0,wothE1zFG4c,anti_feminism,electoral_generational_conflict,20,baseline 
U2oPNZkA6Do,f_yEsI0ZNNo,anti_feminism,electoral_generational_conflict,1,baseline 
U2oPNZkA6Do,ToJO0Umf-6c,anti_feminism,electoral_generational_conflict,2,baseline 
U2oPNZkA6Do,Dr5zebXpO-M,anti_feminism,electoral_generational_conflict,3,baseline 
U2oPNZkA6Do,uFPqH0RH4u4,anti_feminism,electoral_generational_conflict,4,baseline 
U2oPNZkA6Do,mukwdTwn-1g,anti_feminism,electoral_generational_conflict,5,baseline 
U2oPNZkA6Do,s2FDNTV74Ys,anti_feminism,electoral_generational_conflict,6,baseline 
U2oPNZkA6Do,04zCXTKuMMk,anti_feminism,electoral_generational_conflict,7,baseline 
U2oPNZkA6Do,5Z0XAnXu-ZI,anti_feminism,electoral_generational_conflict,8,baseline 
U2oPNZkA6Do,BxNg45UTFGU,anti_feminism,electoral_generational_conflict,9,baseline 
U2oPNZkA6Do,QjIVHixc4Ig,anti_feminism,electoral_generational_conflict,10,baseline 
U2oPNZkA6Do,iutnOP0urNo,anti_feminism,electoral_generational_conflict,11,baseline 
U2oPNZkA6Do,oGeXDTgU1AM,anti_feminism,electoral_generational_conflict,12,baseline 
U2oPNZkA6Do,nQiMKIZDPxI,anti_feminism,electoral_generational_conflict,13,baseline 
U2oPNZkA6Do,uvc3Y3kIWU0,anti_feminism,electoral_generational_conflict,14,baseline 
U2oPNZkA6Do,rvi46R2r7sI,anti_feminism,electoral_generational_conflict,15,baseline 
U2oPNZkA6Do,IULZ-CMvufg,anti_feminism,electoral_generational_conflict,16,baseline 
U2oPNZkA6Do,iDpxoXiRR98,anti_feminism,electoral_generational_conflict,17,baseline 
U2oPNZkA6Do,aCAnvJQLdRE,anti_feminism,electoral_generational_conflict,18,baseline 
U2oPNZkA6Do,iLNXliI0dAI,anti_feminism,electoral_generational_conflict,19,baseline 
U2oPNZkA6Do,Fgr7W4Ef990,anti_feminism,electoral_generational_conflict,20,baseline 
5bD3xJ3MDf4,Tslysu_mtyc,anti_feminism,beauty_norms,1,baseline 
5bD3xJ3MDf4,mukwdTwn-1g,anti_feminism,beauty_norms,2,baseline 
5bD3xJ3MDf4,cvLPWS5Sk3U,anti_feminism,beauty_norms,3,baseline 
5bD3xJ3MDf4,tFNCAvQVGrI,anti_feminism,beauty_norms,4,baseline 
5bD3xJ3MDf4,GseoJahFBeo,anti_feminism,beauty_norms,5,baseline 
5bD3xJ3MDf4,PbUlNGCqBVw,anti_feminism,beauty_norms,6,baseline 
5bD3xJ3MDf4,F9ZTHkkVfqA,anti_feminism,beauty_norms,7,baseline 
5bD3xJ3MDf4,MC3La-Y5WoM,anti_feminism,beauty_norms,8,baseline 
5bD3xJ3MDf4,HaYNqWBaanI,anti_feminism,beauty_norms,9,baseline 
5bD3xJ3MDf4,mqviT1pBIAM,anti_feminism,beauty_norms,10,baseline 
5bD3xJ3MDf4,uXOGRdTX2pY,anti_feminism,beauty_norms,11,baseline 
5bD3xJ3MDf4,hRPqJfo483c,anti_feminism,beauty_norms,12,baseline 
5bD3xJ3MDf4,XTbYKHR--H4,anti_feminism,beauty_norms,13,baseline 
5bD3xJ3MDf4,gHVv_SMaask,anti_feminism,beauty_norms,14,baseline 
5bD3xJ3MDf4,Nc_c1OU_Wkk,anti_feminism,beauty_norms,15,baseline 
5bD3xJ3MDf4,7ZbR7N6Vcdo,anti_feminism,beauty_norms,16,baseline 
5bD3xJ3MDf4,XAdR1PaPzqQ,anti_feminism,beauty_norms,17,baseline 
5bD3xJ3MDf4,it9WCsjnL6A,anti_feminism,beauty_norms,18,baseline 
5bD3xJ3MDf4,xcIDL_V_-1Y,anti_feminism,beauty_norms,19,baseline 
5bD3xJ3MDf4,d2Cv5PNzFQ4,anti_feminism,beauty_norms,20,baseline 
39CppyooX14,b92upazRhp4,anti_feminism,beauty_norms,1,baseline 
39CppyooX14,cHT6T04cRCk,anti_feminism,beauty_norms,2,baseline 
39CppyooX14,uXOGRdTX2pY,anti_feminism,beauty_norms,3,baseline 
39CppyooX14,prcQpkzNkaM,anti_feminism,beauty_norms,4,baseline 
39CppyooX14,h6hZNwiMMx4,anti_feminism,beauty_norms,5,baseline 
39CppyooX14,5olSAzpqZsQ,anti_feminism,beauty_norms,6,baseline 
39CppyooX14,D1eSja-g7jk,anti_feminism,beauty_norms,7,baseline 
39CppyooX14,NPqLzkyiKgE,anti_feminism,beauty_norms,8,baseline 
39CppyooX14,go-p5G9vD1U,anti_feminism,beauty_norms,9,baseline 
39CppyooX14,mukwdTwn-1g,anti_feminism,beauty_norms,10,baseline 
39CppyooX14,QrLDYUc4UGQ,anti_feminism,beauty_norms,11,baseline 
39CppyooX14,tc-LzgIT4eE,anti_feminism,beauty_norms,12,baseline 
39CppyooX14,Kynu_4dS6Sg,anti_feminism,beauty_norms,13,baseline 
39CppyooX14,XTbYKHR--H4,anti_feminism,beauty_norms,14,baseline 
39CppyooX14,IIYF62pwVVc,anti_feminism,beauty_norms,15,baseline 
39CppyooX14,9cFM1kKWqxE,anti_feminism,beauty_norms,16,baseline 
39CppyooX14,Rt4c5gOk09s,anti_feminism,beauty_norms,17,baseline 
39CppyooX14,gLIH8H0L-0Q,anti_feminism,beauty_norms,18,baseline 
39CppyooX14,YwIPtdhUvT4,anti_feminism,beauty_norms,19,baseline 
39CppyooX14,P-NQlw4U284,anti_feminism,beauty_norms,20,baseline 
XCXDjTwbwYU,T-CL1IXbRfo,feminism,sexual_violence,1,baseline 
XCXDjTwbwYU,orkl3SS42BI,feminism,sexual_violence,2,baseline 
XCXDjTwbwYU,Wln5dlYKA1k,feminism,sexual_violence,3,baseline 
XCXDjTwbwYU,jtYQ5Ot0Bf8,feminism,sexual_violence,4,baseline 
XCXDjTwbwYU,TYhNHX372ek,feminism,sexual_violence,5,baseline 
XCXDjTwbwYU,BBPwM1Takwg,feminism,sexual_violence,6,baseline 
XCXDjTwbwYU,2EtBxXrgbK0,feminism,sexual_violence,7,baseline 
XCXDjTwbwYU,4pw4GBEGUPI,feminism,sexual_violence,8,baseline 
XCXDjTwbwYU,52TeNj6Upss,feminism,sexual_violence,9,baseline 
XCXDjTwbwYU,h6hZNwiMMx4,feminism,sexual_violence,10,baseline 
XCXDjTwbwYU,1w69sAT3Aa0,feminism,sexual_violence,11,baseline 
XCXDjTwbwYU,mNj3DLQRfKA,feminism,sexual_violence,12,baseline 
XCXDjTwbwYU,KvJfgINobNM,feminism,sexual_violence,13,baseline 
XCXDjTwbwYU,vlX3PtYPi30,feminism,sexual_violence,14,baseline 
XCXDjTwbwYU,ohmshRdg8Y0,feminism,sexual_violence,15,baseline 
XCXDjTwbwYU,7WbbwrrRSTg,feminism,sexual_violence,16,baseline 
XCXDjTwbwYU,vE_KSbV9O00,feminism,sexual_violence,17,baseline 
XCXDjTwbwYU,vkmnkbVc7iM,feminism,sexual_violence,18,baseline 
XCXDjTwbwYU,ROsiuqzyr7E,feminism,sexual_violence,19,baseline 
XCXDjTwbwYU,Dr5zebXpO-M,feminism,sexual_violence,20,baseline 
mJXeb5iHSAg,_By71awkTZE,feminism,sexual_violence,1,baseline 
mJXeb5iHSAg,h6hZNwiMMx4,feminism,sexual_violence,2,baseline 
mJXeb5iHSAg,iuavywpsZkY,feminism,sexual_violence,3,baseline 
mJXeb5iHSAg,0qJ_k6V_SWk,feminism,sexual_violence,4,baseline 
mJXeb5iHSAg,mPg3Kpqeu24,feminism,sexual_violence,5,baseline 
mJXeb5iHSAg,VpqzCWo2Ev4,feminism,sexual_violence,6,baseline 
mJXeb5iHSAg,2EtBxXrgbK0,feminism,sexual_violence,7,baseline 
mJXeb5iHSAg,6RtI9xvT10A,feminism,sexual_violence,8,baseline 
mJXeb5iHSAg,9lozF2-cOVw,feminism,sexual_violence,9,baseline 
mJXeb5iHSAg,5kdfxjeLhVY,feminism,sexual_violence,10,baseline 
mJXeb5iHSAg,UY_5u8K6_gw,feminism,sexual_violence,11,baseline 
mJXeb5iHSAg,0ZVkrUaSOFw,feminism,sexual_violence,12,baseline 
mJXeb5iHSAg,J1FNN34HCsQ,feminism,sexual_violence,13,baseline 
mJXeb5iHSAg,K3zNywHRoio,feminism,sexual_violence,14,baseline 
mJXeb5iHSAg,FQIeZDcasdM,feminism,sexual_violence,15,baseline 
mJXeb5iHSAg,gSpI3D5ofuM,feminism,sexual_violence,16,baseline 
mJXeb5iHSAg,bdNAL08P87I,feminism,sexual_violence,17,baseline 
mJXeb5iHSAg,Dfj_95ANUHc,feminism,sexual_violence,18,baseline 
mJXeb5iHSAg,IW4PthavcXw,feminism,sexual_violence,19,baseline 
mJXeb5iHSAg,kPPkcLgoNX4,feminism,sexual_violence,20,baseline 
8ZKbKSHK0qY,oWDVTIc5Hf8,feminism,dating_marriage,1,baseline 
8ZKbKSHK0qY,go-p5G9vD1U,feminism,dating_marriage,2,baseline 
8ZKbKSHK0qY,BxNg45UTFGU,feminism,dating_marriage,3,baseline 
8ZKbKSHK0qY,ilUbCLjEkUE,feminism,dating_marriage,4,baseline 
8ZKbKSHK0qY,We6QG55wvac,feminism,dating_marriage,5,baseline 
8ZKbKSHK0qY,OOz95-8tQic,feminism,dating_marriage,6,baseline 
8ZKbKSHK0qY,HHp4rjhJsWI,feminism,dating_marriage,7,baseline 
8ZKbKSHK0qY,dRkU55srCHs,feminism,dating_marriage,8,baseline 
8ZKbKSHK0qY,wBbLkbyzIns,feminism,dating_marriage,9,baseline 
8ZKbKSHK0qY,LS9OGiyopuU,feminism,dating_marriage,10,baseline 
8ZKbKSHK0qY,Fa51m2_OU9g,feminism,dating_marriage,11,baseline 
8ZKbKSHK0qY,iLNXliI0dAI,feminism,dating_marriage,12,baseline 
8ZKbKSHK0qY,LKJMwzcWctQ,feminism,dating_marriage,13,baseline 
8ZKbKSHK0qY,T7SsT0FQdUg,feminism,dating_marriage,14,baseline 
8ZKbKSHK0qY,PPyNQssJ15c,feminism,dating_marriage,15,baseline 
8ZKbKSHK0qY,XyLaeyBzZL8,feminism,dating_marriage,16,baseline 
8ZKbKSHK0qY,jgkG_agWrYA,feminism,dating_marriage,17,baseline 
8ZKbKSHK0qY,dr73DK3OPOs,feminism,dating_marriage,18,baseline 
8ZKbKSHK0qY,RzS1QAX2ub0,feminism,dating_marriage,19,baseline 
8ZKbKSHK0qY,XTbYKHR--H4,feminism,dating_marriage,20,baseline 
3luW934Kknw,mLEzGjiowvA,feminism,dating_marriage,1,baseline 
3luW934Kknw,-5BiatsX8b4,feminism,dating_marriage,2,baseline 
3luW934Kknw,kWP6Ij1U2Sg,feminism,dating_marriage,3,baseline 
3luW934Kknw,LS9OGiyopuU,feminism,dating_marriage,4,baseline 
3luW934Kknw,tMiKfOv6WoI,feminism,dating_marriage,5,baseline 
3luW934Kknw,EB_BgVP-UAw,feminism,dating_marriage,6,baseline 
3luW934Kknw,nRHndYQatN8,feminism,dating_marriage,7,baseline 
3luW934Kknw,g7uqha0abEs,feminism,dating_marriage,8,baseline 
3luW934Kknw,jgkG_agWrYA,feminism,dating_marriage,9,baseline 
3luW934Kknw,3snrFbxapZ4,feminism,dating_marriage,10,baseline 
3luW934Kknw,PlzM9QwUpRM,feminism,dating_marriage,11,baseline 
3luW934Kknw,Jk0n1Bn9R8M,feminism,dating_marriage,12,baseline 
3luW934Kknw,oWDVTIc5Hf8,feminism,dating_marriage,13,baseline 
3luW934Kknw,SRjP23ZSxf4,feminism,dating_marriage,14,baseline 
3luW934Kknw,Q6_7PhOgqVw,feminism,dating_marriage,15,baseline 
3luW934Kknw,YKdO8MLdh0Y,feminism,dating_marriage,16,baseline 
3luW934Kknw,go-p5G9vD1U,feminism,dating_marriage,17,baseline 
3luW934Kknw,pUF1deU9eL8,feminism,dating_marriage,18,baseline 
3luW934Kknw,tuFRGarPT0w,feminism,dating_marriage,19,baseline 
3luW934Kknw,EnQzS7_WMe0,feminism,dating_marriage,20,baseline 
sQvZbI80IvQ,gSpI3D5ofuM,feminism,gender_conflict_discourse,1,baseline 
sQvZbI80IvQ,mukwdTwn-1g,feminism,gender_conflict_discourse,2,baseline 
sQvZbI80IvQ,nAi_OFSvdVw,feminism,gender_conflict_discourse,3,baseline 
sQvZbI80IvQ,UY_5u8K6_gw,feminism,gender_conflict_discourse,4,baseline 
sQvZbI80IvQ,cHT6T04cRCk,feminism,gender_conflict_discourse,5,baseline 
sQvZbI80IvQ,Rt4c5gOk09s,feminism,gender_conflict_discourse,6,baseline 
sQvZbI80IvQ,yHzJpEdZmr8,feminism,gender_conflict_discourse,7,baseline 
sQvZbI80IvQ,kGikrbiRoLk,feminism,gender_conflict_discourse,8,baseline 
sQvZbI80IvQ,MHyc-6mU6Aw,feminism,gender_conflict_discourse,9,baseline 
sQvZbI80IvQ,MW_kYAFav-c,feminism,gender_conflict_discourse,10,baseline 
sQvZbI80IvQ,I_JPEYnw8-w,feminism,gender_conflict_discourse,11,baseline 
sQvZbI80IvQ,RorfZoZpX3k,feminism,gender_conflict_discourse,12,baseline 
sQvZbI80IvQ,Rqm5o4See0Y,feminism,gender_conflict_discourse,13,baseline 
sQvZbI80IvQ,3aNtTUHJeDY,feminism,gender_conflict_discourse,14,baseline 
sQvZbI80IvQ,XAdR1PaPzqQ,feminism,gender_conflict_discourse,15,baseline 
sQvZbI80IvQ,n1GqTdf9RvM,feminism,gender_conflict_discourse,16,baseline 
sQvZbI80IvQ,ToJO0Umf-6c,feminism,gender_conflict_discourse,17,baseline 
sQvZbI80IvQ,HaYNqWBaanI,feminism,gender_conflict_discourse,18,baseline 
sQvZbI80IvQ,skMJbOLdo5E,feminism,gender_conflict_discourse,19,baseline 
sQvZbI80IvQ,3DOWKeoeskU,feminism,gender_conflict_discourse,20,baseline 
5FOC-0P0UMw,aGMEoG7apms,feminism,gender_conflict_discourse,1,baseline 
5FOC-0P0UMw,KwQGipFqFjI,feminism,gender_conflict_discourse,2,baseline 
5FOC-0P0UMw,W_ChhnAM7GY,feminism,gender_conflict_discourse,3,baseline 
5FOC-0P0UMw,hiwVgLlZ4r4,feminism,gender_conflict_discourse,4,baseline 
5FOC-0P0UMw,wcDARQ7emv4,feminism,gender_conflict_discourse,5,baseline 
5FOC-0P0UMw,hKIYrlM2csA,feminism,gender_conflict_discourse,6,baseline 
5FOC-0P0UMw,muEOOUe9YSI,feminism,gender_conflict_discourse,7,baseline 
5FOC-0P0UMw,dQRKL4BxrEM,feminism,gender_conflict_discourse,8,baseline 
5FOC-0P0UMw,UygkOVbQyHM,feminism,gender_conflict_discourse,9,baseline 
5FOC-0P0UMw,I3BTokVVH9U,feminism,gender_conflict_discourse,10,baseline 
5FOC-0P0UMw,WY8VfgiXYn8,feminism,gender_conflict_discourse,11,baseline 
5FOC-0P0UMw,ERxtacu4Omw,feminism,gender_conflict_discourse,12,baseline 
5FOC-0P0UMw,u_oPIkQzmbw,feminism,gender_conflict_discourse,13,baseline 
5FOC-0P0UMw,veaFGGu31EQ,feminism,gender_conflict_discourse,14,baseline 
5FOC-0P0UMw,tyyPeEF6vS8,feminism,gender_conflict_discourse,15,baseline 
5FOC-0P0UMw,oWDVTIc5Hf8,feminism,gender_conflict_discourse,16,baseline 
5FOC-0P0UMw,qnGl7bIrFHI,feminism,gender_conflict_discourse,17,baseline 
5FOC-0P0UMw,iRgp8oBiAmw,feminism,gender_conflict_discourse,18,baseline 
5FOC-0P0UMw,i7rQL973oFM,feminism,gender_conflict_discourse,19,baseline 
5FOC-0P0UMw,PtnREqwml2A,feminism,gender_conflict_discourse,20,baseline 
TJmGWOjlNKk,o9ExNllLUYY,feminism,electoral_generational_conflict,1,baseline 
TJmGWOjlNKk,4wmYHkruOOA,feminism,electoral_generational_conflict,2,baseline 
TJmGWOjlNKk,h6hZNwiMMx4,feminism,electoral_generational_conflict,3,baseline 
TJmGWOjlNKk,ILlbMhu1B60,feminism,electoral_generational_conflict,4,baseline 
TJmGWOjlNKk,gSpI3D5ofuM,feminism,electoral_generational_conflict,5,baseline 
TJmGWOjlNKk,6RcCrJAA5co,feminism,electoral_generational_conflict,6,baseline 
TJmGWOjlNKk,BP-QTlaOCh4,feminism,electoral_generational_conflict,7,baseline 
TJmGWOjlNKk,Bn7EM7NFAGE,feminism,electoral_generational_conflict,8,baseline 
TJmGWOjlNKk,BxNg45UTFGU,feminism,electoral_generational_conflict,9,baseline 
TJmGWOjlNKk,dcxgU8d2Oq4,feminism,electoral_generational_conflict,10,baseline 
TJmGWOjlNKk,9lozF2-cOVw,feminism,electoral_generational_conflict,11,baseline 
TJmGWOjlNKk,FjyInTjK2GM,feminism,electoral_generational_conflict,12,baseline 
TJmGWOjlNKk,Cz6F9uUiRr4,feminism,electoral_generational_conflict,13,baseline 
TJmGWOjlNKk,ZW1bIqDrBEo,feminism,electoral_generational_conflict,14,baseline 
TJmGWOjlNKk,by2WI2Bb4QY,feminism,electoral_generational_conflict,15,baseline 
TJmGWOjlNKk,yppKY5ZkJT0,feminism,electoral_generational_conflict,16,baseline 
TJmGWOjlNKk,OUk_fiG3h98,feminism,electoral_generational_conflict,17,baseline 
TJmGWOjlNKk,wK0lOuZr7oY,feminism,electoral_generational_conflict,18,baseline 
TJmGWOjlNKk,DN0iz0ZaOYE,feminism,electoral_generational_conflict,19,baseline 
TJmGWOjlNKk,YhmpBeMV7Pc,feminism,electoral_generational_conflict,20,baseline 
LyeObL_dUT4,oGrdnwNZGQo,feminism,electoral_generational_conflict,1,baseline 
LyeObL_dUT4,BxNg45UTFGU,feminism,electoral_generational_conflict,2,baseline 
LyeObL_dUT4,3EtCmXpaMCk,feminism,electoral_generational_conflict,3,baseline 
LyeObL_dUT4,cHT6T04cRCk,feminism,electoral_generational_conflict,4,baseline 
LyeObL_dUT4,ZW1bIqDrBEo,feminism,electoral_generational_conflict,5,baseline 
LyeObL_dUT4,Nx-uCQwffBI,feminism,electoral_generational_conflict,6,baseline 
LyeObL_dUT4,go-p5G9vD1U,feminism,electoral_generational_conflict,7,baseline 
LyeObL_dUT4,eqR32c86ZlY,feminism,electoral_generational_conflict,8,baseline 
LyeObL_dUT4,YHGKpSsCr3Q,feminism,electoral_generational_conflict,9,baseline 
LyeObL_dUT4,oWDVTIc5Hf8,feminism,electoral_generational_conflict,10,baseline 
LyeObL_dUT4,Jk0n1Bn9R8M,feminism,electoral_generational_conflict,11,baseline 
LyeObL_dUT4,zXmfbDTCiIs,feminism,electoral_generational_conflict,12,baseline 
LyeObL_dUT4,mukwdTwn-1g,feminism,electoral_generational_conflict,13,baseline 
LyeObL_dUT4,i5P21lVKfRo,feminism,electoral_generational_conflict,14,baseline 
LyeObL_dUT4,gSpI3D5ofuM,feminism,electoral_generational_conflict,15,baseline 
LyeObL_dUT4,LS9OGiyopuU,feminism,electoral_generational_conflict,16,baseline 
LyeObL_dUT4,NPqLzkyiKgE,feminism,electoral_generational_conflict,17,baseline 
LyeObL_dUT4,ADXVtUTgdA4,feminism,electoral_generational_conflict,18,baseline 
LyeObL_dUT4,irTLbj7y9no,feminism,electoral_generational_conflict,19,baseline 
LyeObL_dUT4,XAdR1PaPzqQ,feminism,electoral_generational_conflict,20,baseline 
z8UvpvzEHdA,YwIPtdhUvT4,feminism,beauty_norms,1,baseline 
z8UvpvzEHdA,ix-9_3anNQY,feminism,beauty_norms,2,baseline 
z8UvpvzEHdA,UY_5u8K6_gw,feminism,beauty_norms,3,baseline 
z8UvpvzEHdA,hHyiXeZJ3R4,feminism,beauty_norms,4,baseline 
z8UvpvzEHdA,Tslysu_mtyc,feminism,beauty_norms,5,baseline 
z8UvpvzEHdA,uzH78u0TmwQ,feminism,beauty_norms,6,baseline 
z8UvpvzEHdA,iEj3cObJpDk,feminism,beauty_norms,7,baseline 
z8UvpvzEHdA,chArN2Hle4U,feminism,beauty_norms,8,baseline 
z8UvpvzEHdA,61U91BW-M8A,feminism,beauty_norms,9,baseline 
z8UvpvzEHdA,v0NBwdG5pZU,feminism,beauty_norms,10,baseline 
z8UvpvzEHdA,YbcUWkVIPlA,feminism,beauty_norms,11,baseline 
z8UvpvzEHdA,8CAKRqXf5Hw,feminism,beauty_norms,12,baseline 
z8UvpvzEHdA,go-p5G9vD1U,feminism,beauty_norms,13,baseline 
z8UvpvzEHdA,NS7tSrMrWsc,feminism,beauty_norms,14,baseline 
z8UvpvzEHdA,K0-6reET2BY,feminism,beauty_norms,15,baseline 
z8UvpvzEHdA,OOz95-8tQic,feminism,beauty_norms,16,baseline 
z8UvpvzEHdA,cFZP__8CznQ,feminism,beauty_norms,17,baseline 
z8UvpvzEHdA,jgkG_agWrYA,feminism,beauty_norms,18,baseline 
z8UvpvzEHdA,QJEFSVQOdXU,feminism,beauty_norms,19,baseline 
z8UvpvzEHdA,HHp4rjhJsWI,feminism,beauty_norms,20,baseline 
3jpnH2GkO28,h6hZNwiMMx4,feminism,beauty_norms,1,baseline 
3jpnH2GkO28,Nio8kQ3KeTM,feminism,beauty_norms,2,baseline 
3jpnH2GkO28,PxuaoxcRMpw,feminism,beauty_norms,3,baseline 
3jpnH2GkO28,HJ38uLfFEIY,feminism,beauty_norms,4,baseline 
3jpnH2GkO28,PiPp3KsrIZ4,feminism,beauty_norms,5,baseline 
3jpnH2GkO28,G5pWuAHSAJo,feminism,beauty_norms,6,baseline 
3jpnH2GkO28,lCChrhhIUWo,feminism,beauty_norms,7,baseline 
3jpnH2GkO28,8UWv-MNYHQc,feminism,beauty_norms,8,baseline 
3jpnH2GkO28,UY_5u8K6_gw,feminism,beauty_norms,9,baseline 
3jpnH2GkO28,2EtBxXrgbK0,feminism,beauty_norms,10,baseline 
3jpnH2GkO28,iLNXliI0dAI,feminism,beauty_norms,11,baseline 
3jpnH2GkO28,etjMJKGqLhM,feminism,beauty_norms,12,baseline 
3jpnH2GkO28,OOz95-8tQic,feminism,beauty_norms,13,baseline 
3jpnH2GkO28,r1oEOjug_cI,feminism,beauty_norms,14,baseline 
3jpnH2GkO28,9ToUnIKtuPU,feminism,beauty_norms,15,baseline 
3jpnH2GkO28,Dr5zebXpO-M,feminism,beauty_norms,16,baseline 
3jpnH2GkO28,YJfP-VJfbw0,feminism,beauty_norms,17,baseline 
3jpnH2GkO28,OvQ2vufa1TI,feminism,beauty_norms,18,baseline 
3jpnH2GkO28,lyMTZyxVLJA,feminism,beauty_norms,19,baseline 
3jpnH2GkO28,ji8jgVNI0t4,feminism,beauty_norms,20,baseline 
I8X66YHIHEA,rJGCjSYSo-k,anti_feminism,sexual_violence,1,anti_profile
I8X66YHIHEA,xUwikz7-wEg,anti_feminism,sexual_violence,2,anti_profile
I8X66YHIHEA,aylGYuAuCqQ,anti_feminism,sexual_violence,3,anti_profile
I8X66YHIHEA,1-OQ6yG9OIU,anti_feminism,sexual_violence,4,anti_profile
I8X66YHIHEA,KNoj5e1v8xI,anti_feminism,sexual_violence,5,anti_profile
I8X66YHIHEA,nowv3h-ajSc,anti_feminism,sexual_violence,6,anti_profile
I8X66YHIHEA,MikbGE4YClE,anti_feminism,sexual_violence,7,anti_profile
I8X66YHIHEA,gi3jLUXGKf8,anti_feminism,sexual_violence,8,anti_profile
I8X66YHIHEA,YGDuA28H82A,anti_feminism,sexual_violence,9,anti_profile
I8X66YHIHEA,gs-h6oFgcQY,anti_feminism,sexual_violence,10,anti_profile
I8X66YHIHEA,Xz3lfEerJyw,anti_feminism,sexual_violence,11,anti_profile
I8X66YHIHEA,WUAPu89oRNs,anti_feminism,sexual_violence,12,anti_profile
I8X66YHIHEA,lInyt3KsQUE,anti_feminism,sexual_violence,13,anti_profile
I8X66YHIHEA,2xE00wGzy1M,anti_feminism,sexual_violence,14,anti_profile
I8X66YHIHEA,2y-7CZF0qnM,anti_feminism,sexual_violence,15,anti_profile
I8X66YHIHEA,nai3-5nbc6M,anti_feminism,sexual_violence,16,anti_profile
I8X66YHIHEA,QGaRYR3_HOU,anti_feminism,sexual_violence,17,anti_profile
I8X66YHIHEA,wguFOXUrdtE,anti_feminism,sexual_violence,18,anti_profile
I8X66YHIHEA,ZVI7iSMVsGs,anti_feminism,sexual_violence,19,anti_profile
I8X66YHIHEA,s1oI9ZTSCdo,anti_feminism,sexual_violence,20,anti_profile
2xE00wGzy1M,nowv3h-ajSc,anti_feminism,sexual_violence,1,anti_profile
2xE00wGzy1M,ZPk-6asr_Lc,anti_feminism,sexual_violence,2,anti_profile
2xE00wGzy1M,s1oI9ZTSCdo,anti_feminism,sexual_violence,3,anti_profile
2xE00wGzy1M,gi3jLUXGKf8,anti_feminism,sexual_violence,4,anti_profile
2xE00wGzy1M,C9H93Y38PEk,anti_feminism,sexual_violence,5,anti_profile
2xE00wGzy1M,QEnwaVUNCaU,anti_feminism,sexual_violence,6,anti_profile
2xE00wGzy1M,DKrK3oXyMes,anti_feminism,sexual_violence,7,anti_profile
2xE00wGzy1M,QGaRYR3_HOU,anti_feminism,sexual_violence,8,anti_profile
2xE00wGzy1M,9LmoMnzBcHI,anti_feminism,sexual_violence,9,anti_profile
2xE00wGzy1M,rJGCjSYSo-k,anti_feminism,sexual_violence,10,anti_profile
2xE00wGzy1M,nai3-5nbc6M,anti_feminism,sexual_violence,11,anti_profile
2xE00wGzy1M,xUwikz7-wEg,anti_feminism,sexual_violence,12,anti_profile
2xE00wGzy1M,Gmxu0lRjLjg,anti_feminism,sexual_violence,13,anti_profile
2xE00wGzy1M,9ELcDEr5WQ0,anti_feminism,sexual_violence,14,anti_profile
2xE00wGzy1M,iQlK9nwsOA4,anti_feminism,sexual_violence,15,anti_profile
2xE00wGzy1M,gs-h6oFgcQY,anti_feminism,sexual_violence,16,anti_profile
2xE00wGzy1M,EoVx1l5znNc,anti_feminism,sexual_violence,17,anti_profile
2xE00wGzy1M,jrT3SmKgrOo,anti_feminism,sexual_violence,18,anti_profile
2xE00wGzy1M,B4R_23OZYT4,anti_feminism,sexual_violence,19,anti_profile
2xE00wGzy1M,MJKHQwNX3Uk,anti_feminism,sexual_violence,20,anti_profile
A9kKp94b8kw,KCOyva7wgVs,anti_feminism,dating_marriage,1,anti_profile
A9kKp94b8kw,6P4iYOBw-sQ,anti_feminism,dating_marriage,2,anti_profile
A9kKp94b8kw,5bD3xJ3MDf4,anti_feminism,dating_marriage,3,anti_profile
A9kKp94b8kw,0IQpJao9848,anti_feminism,dating_marriage,4,anti_profile
A9kKp94b8kw,qmo3zASNdp8,anti_feminism,dating_marriage,5,anti_profile
A9kKp94b8kw,jF5H_9B_RwQ,anti_feminism,dating_marriage,6,anti_profile
A9kKp94b8kw,tV17VtAcw9M,anti_feminism,dating_marriage,7,anti_profile
A9kKp94b8kw,-ErDs1gsz6w,anti_feminism,dating_marriage,8,anti_profile
A9kKp94b8kw,vNBhTsr1m30,anti_feminism,dating_marriage,9,anti_profile
A9kKp94b8kw,RcyfTndrlYY,anti_feminism,dating_marriage,10,anti_profile
A9kKp94b8kw,inrVnIrVAQA,anti_feminism,dating_marriage,11,anti_profile
A9kKp94b8kw,2y-7CZF0qnM,anti_feminism,dating_marriage,12,anti_profile
A9kKp94b8kw,AYQHrNxNu8Y,anti_feminism,dating_marriage,13,anti_profile
A9kKp94b8kw,Riu6YgnKGo8,anti_feminism,dating_marriage,14,anti_profile
A9kKp94b8kw,C9H93Y38PEk,anti_feminism,dating_marriage,15,anti_profile
A9kKp94b8kw,9U3zDKuqtvM,anti_feminism,dating_marriage,16,anti_profile
A9kKp94b8kw,aL49FHbPBSQ,anti_feminism,dating_marriage,17,anti_profile
A9kKp94b8kw,KNpj0CIKwIw,anti_feminism,dating_marriage,18,anti_profile
A9kKp94b8kw,2nTTu1FyTQg,anti_feminism,dating_marriage,19,anti_profile
A9kKp94b8kw,DKrK3oXyMes,anti_feminism,dating_marriage,20,anti_profile
PrfaI9z0mGU,6DMGWzFkEcE,anti_feminism,dating_marriage,1,anti_profile
PrfaI9z0mGU,2y-7CZF0qnM,anti_feminism,dating_marriage,2,anti_profile
PrfaI9z0mGU,5bD3xJ3MDf4,anti_feminism,dating_marriage,3,anti_profile
PrfaI9z0mGU,2xE00wGzy1M,anti_feminism,dating_marriage,4,anti_profile
PrfaI9z0mGU,KCOyva7wgVs,anti_feminism,dating_marriage,5,anti_profile
PrfaI9z0mGU,FDbx2ACTIgY,anti_feminism,dating_marriage,6,anti_profile
PrfaI9z0mGU,s27qp6CL5DM,anti_feminism,dating_marriage,7,anti_profile
PrfaI9z0mGU,oO9bNvepZfU,anti_feminism,dating_marriage,8,anti_profile
PrfaI9z0mGU,jF5H_9B_RwQ,anti_feminism,dating_marriage,9,anti_profile
PrfaI9z0mGU,DKrK3oXyMes,anti_feminism,dating_marriage,10,anti_profile
PrfaI9z0mGU,tV17VtAcw9M,anti_feminism,dating_marriage,11,anti_profile
PrfaI9z0mGU,Cr-4KwESJoo,anti_feminism,dating_marriage,12,anti_profile
PrfaI9z0mGU,6P4iYOBw-sQ,anti_feminism,dating_marriage,13,anti_profile
PrfaI9z0mGU,xUwikz7-wEg,anti_feminism,dating_marriage,14,anti_profile
PrfaI9z0mGU,4Sj2DG3wNvs,anti_feminism,dating_marriage,15,anti_profile
PrfaI9z0mGU,ZeT1skHOXOA,anti_feminism,dating_marriage,16,anti_profile
PrfaI9z0mGU,RcyfTndrlYY,anti_feminism,dating_marriage,17,anti_profile
PrfaI9z0mGU,vNBhTsr1m30,anti_feminism,dating_marriage,18,anti_profile
PrfaI9z0mGU,-ErDs1gsz6w,anti_feminism,dating_marriage,19,anti_profile
PrfaI9z0mGU,dj_QzDTRg5g,anti_feminism,dating_marriage,20,anti_profile
rDWTEVUfEcY,Kd0AnbxYFQ0,anti_feminism,gender_conflict_discourse,1,anti_profile
rDWTEVUfEcY,LpWVunRgmrA,anti_feminism,gender_conflict_discourse,2,anti_profile
rDWTEVUfEcY,LclWjFGSomw,anti_feminism,gender_conflict_discourse,3,anti_profile
rDWTEVUfEcY,vNBhTsr1m30,anti_feminism,gender_conflict_discourse,4,anti_profile
rDWTEVUfEcY,spj_nWAf0d4,anti_feminism,gender_conflict_discourse,5,anti_profile
rDWTEVUfEcY,tV17VtAcw9M,anti_feminism,gender_conflict_discourse,6,anti_profile
rDWTEVUfEcY,rJGCjSYSo-k,anti_feminism,gender_conflict_discourse,7,anti_profile
rDWTEVUfEcY,gs-h6oFgcQY,anti_feminism,gender_conflict_discourse,8,anti_profile
rDWTEVUfEcY,nTjUCO6DWj8,anti_feminism,gender_conflict_discourse,9,anti_profile
rDWTEVUfEcY,qYyoggbRY34,anti_feminism,gender_conflict_discourse,10,anti_profile
rDWTEVUfEcY,NeDrIyYOWk8,anti_feminism,gender_conflict_discourse,11,anti_profile
rDWTEVUfEcY,JQTnSR0yH2Q,anti_feminism,gender_conflict_discourse,12,anti_profile
rDWTEVUfEcY,tVrwivMmmE4,anti_feminism,gender_conflict_discourse,13,anti_profile
rDWTEVUfEcY,ZPk-6asr_Lc,anti_feminism,gender_conflict_discourse,14,anti_profile
rDWTEVUfEcY,d7XzJN0ktXo,anti_feminism,gender_conflict_discourse,15,anti_profile
rDWTEVUfEcY,cSjNCIlJt-U,anti_feminism,gender_conflict_discourse,16,anti_profile
rDWTEVUfEcY,MiRO29jPhwM,anti_feminism,gender_conflict_discourse,17,anti_profile
rDWTEVUfEcY,izEiVz7uGcc,anti_feminism,gender_conflict_discourse,18,anti_profile
rDWTEVUfEcY,mnsVlIUXB2w,anti_feminism,gender_conflict_discourse,19,anti_profile
rDWTEVUfEcY,7qDEs2E6uvw,anti_feminism,gender_conflict_discourse,20,anti_profile
zaUVwiD2keU,tV17VtAcw9M,anti_feminism,gender_conflict_discourse,1,anti_profile
zaUVwiD2keU,gs-h6oFgcQY,anti_feminism,gender_conflict_discourse,2,anti_profile
zaUVwiD2keU,QEnwaVUNCaU,anti_feminism,gender_conflict_discourse,3,anti_profile
zaUVwiD2keU,AYQHrNxNu8Y,anti_feminism,gender_conflict_discourse,4,anti_profile
zaUVwiD2keU,iQlK9nwsOA4,anti_feminism,gender_conflict_discourse,5,anti_profile
zaUVwiD2keU,vNBhTsr1m30,anti_feminism,gender_conflict_discourse,6,anti_profile
zaUVwiD2keU,ZPk-6asr_Lc,anti_feminism,gender_conflict_discourse,7,anti_profile
zaUVwiD2keU,2xE00wGzy1M,anti_feminism,gender_conflict_discourse,8,anti_profile
zaUVwiD2keU,xUwikz7-wEg,anti_feminism,gender_conflict_discourse,9,anti_profile
zaUVwiD2keU,izEiVz7uGcc,anti_feminism,gender_conflict_discourse,10,anti_profile
zaUVwiD2keU,sVvp_DPgFZE,anti_feminism,gender_conflict_discourse,11,anti_profile
zaUVwiD2keU,dj_QzDTRg5g,anti_feminism,gender_conflict_discourse,12,anti_profile
zaUVwiD2keU,LclWjFGSomw,anti_feminism,gender_conflict_discourse,13,anti_profile
zaUVwiD2keU,JQTnSR0yH2Q,anti_feminism,gender_conflict_discourse,14,anti_profile
zaUVwiD2keU,pZws_AxGxP0,anti_feminism,gender_conflict_discourse,15,anti_profile
zaUVwiD2keU,MikbGE4YClE,anti_feminism,gender_conflict_discourse,16,anti_profile
zaUVwiD2keU,MbJQ5twZTi4,anti_feminism,gender_conflict_discourse,17,anti_profile
zaUVwiD2keU,xnwR7j_S1b0,anti_feminism,gender_conflict_discourse,18,anti_profile
zaUVwiD2keU,cHT6T04cRCk,anti_feminism,gender_conflict_discourse,19,anti_profile
zaUVwiD2keU,jF5H_9B_RwQ,anti_feminism,gender_conflict_discourse,20,anti_profile
2F4R2yv9Vv0,36zNS1gtCrM,anti_feminism,electoral_generational_conflict,1,anti_profile
2F4R2yv9Vv0,F5wV7EZ9CjU,anti_feminism,electoral_generational_conflict,2,anti_profile
2F4R2yv9Vv0,c3KVhck4658,anti_feminism,electoral_generational_conflict,3,anti_profile
2F4R2yv9Vv0,w3BzZbNBndc,anti_feminism,electoral_generational_conflict,4,anti_profile
2F4R2yv9Vv0,BPfaGBehW98,anti_feminism,electoral_generational_conflict,5,anti_profile
2F4R2yv9Vv0,vNBhTsr1m30,anti_feminism,electoral_generational_conflict,6,anti_profile
2F4R2yv9Vv0,mnsVlIUXB2w,anti_feminism,electoral_generational_conflict,7,anti_profile
2F4R2yv9Vv0,naV77UkAbng,anti_feminism,electoral_generational_conflict,8,anti_profile
2F4R2yv9Vv0,QEzaxehny-Q,anti_feminism,electoral_generational_conflict,9,anti_profile
2F4R2yv9Vv0,tV17VtAcw9M,anti_feminism,electoral_generational_conflict,10,anti_profile
2F4R2yv9Vv0,ZeT1skHOXOA,anti_feminism,electoral_generational_conflict,11,anti_profile
2F4R2yv9Vv0,MbJQ5twZTi4,anti_feminism,electoral_generational_conflict,12,anti_profile
2F4R2yv9Vv0,DKrK3oXyMes,anti_feminism,electoral_generational_conflict,13,anti_profile
2F4R2yv9Vv0,FDM0kDVSf1k,anti_feminism,electoral_generational_conflict,14,anti_profile
2F4R2yv9Vv0,iCBIV-wcd_c,anti_feminism,electoral_generational_conflict,15,anti_profile
2F4R2yv9Vv0,fxP_yKL_nE8,anti_feminism,electoral_generational_conflict,16,anti_profile
2F4R2yv9Vv0,pZws_AxGxP0,anti_feminism,electoral_generational_conflict,17,anti_profile
2F4R2yv9Vv0,AYQHrNxNu8Y,anti_feminism,electoral_generational_conflict,18,anti_profile
2F4R2yv9Vv0,j714vCY8jjI,anti_feminism,electoral_generational_conflict,19,anti_profile
2F4R2yv9Vv0,EiOsf02uvLI,anti_feminism,electoral_generational_conflict,20,anti_profile
U2oPNZkA6Do,7xLgZpBF-yo,anti_feminism,electoral_generational_conflict,1,anti_profile
U2oPNZkA6Do,vNBhTsr1m30,anti_feminism,electoral_generational_conflict,2,anti_profile
U2oPNZkA6Do,jF5H_9B_RwQ,anti_feminism,electoral_generational_conflict,3,anti_profile
U2oPNZkA6Do,iutnOP0urNo,anti_feminism,electoral_generational_conflict,4,anti_profile
U2oPNZkA6Do,MTSLWpZYj2I,anti_feminism,electoral_generational_conflict,5,anti_profile
U2oPNZkA6Do,sX5D_klBIro,anti_feminism,electoral_generational_conflict,6,anti_profile
U2oPNZkA6Do,QEnwaVUNCaU,anti_feminism,electoral_generational_conflict,7,anti_profile
U2oPNZkA6Do,5Z0XAnXu-ZI,anti_feminism,electoral_generational_conflict,8,anti_profile
U2oPNZkA6Do,oGeXDTgU1AM,anti_feminism,electoral_generational_conflict,9,anti_profile
U2oPNZkA6Do,2y-7CZF0qnM,anti_feminism,electoral_generational_conflict,10,anti_profile
U2oPNZkA6Do,qmo3zASNdp8,anti_feminism,electoral_generational_conflict,11,anti_profile
U2oPNZkA6Do,d7XzJN0ktXo,anti_feminism,electoral_generational_conflict,12,anti_profile
U2oPNZkA6Do,08PlDdDmEDI,anti_feminism,electoral_generational_conflict,13,anti_profile
U2oPNZkA6Do,MbJQ5twZTi4,anti_feminism,electoral_generational_conflict,14,anti_profile
U2oPNZkA6Do,IkHjg7oOHMI,anti_feminism,electoral_generational_conflict,15,anti_profile
U2oPNZkA6Do,KST80VRsdIU,anti_feminism,electoral_generational_conflict,16,anti_profile
U2oPNZkA6Do,uvc3Y3kIWU0,anti_feminism,electoral_generational_conflict,17,anti_profile
U2oPNZkA6Do,C9H93Y38PEk,anti_feminism,electoral_generational_conflict,18,anti_profile
U2oPNZkA6Do,q0dXdq1yasA,anti_feminism,electoral_generational_conflict,19,anti_profile
U2oPNZkA6Do,ZeT1skHOXOA,anti_feminism,electoral_generational_conflict,20,anti_profile
5bD3xJ3MDf4,dpABzWLO43M,anti_feminism,beauty_norms,1,anti_profile
5bD3xJ3MDf4,xKvVXzvfDPs,anti_feminism,beauty_norms,2,anti_profile
5bD3xJ3MDf4,jF5H_9B_RwQ,anti_feminism,beauty_norms,3,anti_profile
5bD3xJ3MDf4,2y-7CZF0qnM,anti_feminism,beauty_norms,4,anti_profile
5bD3xJ3MDf4,r0zn2e-P5x0,anti_feminism,beauty_norms,5,anti_profile
5bD3xJ3MDf4,2nTTu1FyTQg,anti_feminism,beauty_norms,6,anti_profile
5bD3xJ3MDf4,tV17VtAcw9M,anti_feminism,beauty_norms,7,anti_profile
5bD3xJ3MDf4,aL49FHbPBSQ,anti_feminism,beauty_norms,8,anti_profile
5bD3xJ3MDf4,rJGCjSYSo-k,anti_feminism,beauty_norms,9,anti_profile
5bD3xJ3MDf4,VyQWaZ0aTBg,anti_feminism,beauty_norms,10,anti_profile
5bD3xJ3MDf4,Lu2siJYqXgk,anti_feminism,beauty_norms,11,anti_profile
5bD3xJ3MDf4,6P4iYOBw-sQ,anti_feminism,beauty_norms,12,anti_profile
5bD3xJ3MDf4,KCOyva7wgVs,anti_feminism,beauty_norms,13,anti_profile
5bD3xJ3MDf4,izEiVz7uGcc,anti_feminism,beauty_norms,14,anti_profile
5bD3xJ3MDf4,sa75T9mQxvU,anti_feminism,beauty_norms,15,anti_profile
5bD3xJ3MDf4,vNBhTsr1m30,anti_feminism,beauty_norms,16,anti_profile
5bD3xJ3MDf4,-ErDs1gsz6w,anti_feminism,beauty_norms,17,anti_profile
5bD3xJ3MDf4,iQlK9nwsOA4,anti_feminism,beauty_norms,18,anti_profile
5bD3xJ3MDf4,DKrK3oXyMes,anti_feminism,beauty_norms,19,anti_profile
5bD3xJ3MDf4,JsNWE8S_WQI,anti_feminism,beauty_norms,20,anti_profile
39CppyooX14,IjpMbYILx5w,anti_feminism,beauty_norms,1,anti_profile
39CppyooX14,tV17VtAcw9M,anti_feminism,beauty_norms,2,anti_profile
39CppyooX14,iQlK9nwsOA4,anti_feminism,beauty_norms,3,anti_profile
39CppyooX14,MikbGE4YClE,anti_feminism,beauty_norms,4,anti_profile
39CppyooX14,OOOhr3PL4aU,anti_feminism,beauty_norms,5,anti_profile
39CppyooX14,DKrK3oXyMes,anti_feminism,beauty_norms,6,anti_profile
39CppyooX14,F5wV7EZ9CjU,anti_feminism,beauty_norms,7,anti_profile
39CppyooX14,uo16hYHWMg0,anti_feminism,beauty_norms,8,anti_profile
39CppyooX14,AYQHrNxNu8Y,anti_feminism,beauty_norms,9,anti_profile
39CppyooX14,xUwikz7-wEg,anti_feminism,beauty_norms,10,anti_profile
39CppyooX14,nTjUCO6DWj8,anti_feminism,beauty_norms,11,anti_profile
39CppyooX14,NeDrIyYOWk8,anti_feminism,beauty_norms,12,anti_profile
39CppyooX14,gs-h6oFgcQY,anti_feminism,beauty_norms,13,anti_profile
39CppyooX14,2y-7CZF0qnM,anti_feminism,beauty_norms,14,anti_profile
39CppyooX14,qmo3zASNdp8,anti_feminism,beauty_norms,15,anti_profile
39CppyooX14,LclWjFGSomw,anti_feminism,beauty_norms,16,anti_profile
39CppyooX14,JQTnSR0yH2Q,anti_feminism,beauty_norms,17,anti_profile
39CppyooX14,sVvp_DPgFZE,anti_feminism,beauty_norms,18,anti_profile
39CppyooX14,n6TeqOEb5QM,anti_feminism,beauty_norms,19,anti_profile
39CppyooX14,aFQKOX_X7fc,anti_feminism,beauty_norms,20,anti_profile
XCXDjTwbwYU,LclWjFGSomw,feminism,sexual_violence,1,anti_profile
XCXDjTwbwYU,QEnwaVUNCaU,feminism,sexual_violence,2,anti_profile
XCXDjTwbwYU,MTSLWpZYj2I,feminism,sexual_violence,3,anti_profile
XCXDjTwbwYU,nTjUCO6DWj8,feminism,sexual_violence,4,anti_profile
XCXDjTwbwYU,gs-h6oFgcQY,feminism,sexual_violence,5,anti_profile
XCXDjTwbwYU,iQlK9nwsOA4,feminism,sexual_violence,6,anti_profile
XCXDjTwbwYU,OOOhr3PL4aU,feminism,sexual_violence,7,anti_profile
XCXDjTwbwYU,tV17VtAcw9M,feminism,sexual_violence,8,anti_profile
XCXDjTwbwYU,NeDrIyYOWk8,feminism,sexual_violence,9,anti_profile
XCXDjTwbwYU,DKrK3oXyMes,feminism,sexual_violence,10,anti_profile
XCXDjTwbwYU,S8twGbT3mxA,feminism,sexual_violence,11,anti_profile
XCXDjTwbwYU,bZrApNobQo4,feminism,sexual_violence,12,anti_profile
XCXDjTwbwYU,vNBhTsr1m30,feminism,sexual_violence,13,anti_profile
XCXDjTwbwYU,xUwikz7-wEg,feminism,sexual_violence,14,anti_profile
XCXDjTwbwYU,IyvkmUxyxYU,feminism,sexual_violence,15,anti_profile
XCXDjTwbwYU,MbJQ5twZTi4,feminism,sexual_violence,16,anti_profile
XCXDjTwbwYU,O5Qso2Rlxt0,feminism,sexual_violence,17,anti_profile
XCXDjTwbwYU,MiRO29jPhwM,feminism,sexual_violence,18,anti_profile
XCXDjTwbwYU,2y-7CZF0qnM,feminism,sexual_violence,19,anti_profile
XCXDjTwbwYU,bPKl_xJDREQ,feminism,sexual_violence,20,anti_profile
mJXeb5iHSAg,0DcHuMbZjDM,feminism,sexual_violence,1,anti_profile
mJXeb5iHSAg,O-Se7PIdReE,feminism,sexual_violence,2,anti_profile
mJXeb5iHSAg,VpFO15Lykl8,feminism,sexual_violence,3,anti_profile
mJXeb5iHSAg,mGKQaIUvd2Q,feminism,sexual_violence,4,anti_profile
mJXeb5iHSAg,2EtBxXrgbK0,feminism,sexual_violence,5,anti_profile
mJXeb5iHSAg,uOnVQKzfbZI,feminism,sexual_violence,6,anti_profile
mJXeb5iHSAg,oUzwAwTJn_E,feminism,sexual_violence,7,anti_profile
mJXeb5iHSAg,F5wV7EZ9CjU,feminism,sexual_violence,8,anti_profile
mJXeb5iHSAg,VpqzCWo2Ev4,feminism,sexual_violence,9,anti_profile
mJXeb5iHSAg,iQlK9nwsOA4,feminism,sexual_violence,10,anti_profile
mJXeb5iHSAg,BIKjKHpnXBs,feminism,sexual_violence,11,anti_profile
mJXeb5iHSAg,ZPk-6asr_Lc,feminism,sexual_violence,12,anti_profile
mJXeb5iHSAg,hZ9TsUtu9lk,feminism,sexual_violence,13,anti_profile
mJXeb5iHSAg,-FNIAzYLCQA,feminism,sexual_violence,14,anti_profile
mJXeb5iHSAg,36zNS1gtCrM,feminism,sexual_violence,15,anti_profile
mJXeb5iHSAg,HYcujfJvrTs,feminism,sexual_violence,16,anti_profile
mJXeb5iHSAg,MbJQ5twZTi4,feminism,sexual_violence,17,anti_profile
mJXeb5iHSAg,kPPkcLgoNX4,feminism,sexual_violence,18,anti_profile
mJXeb5iHSAg,sVvp_DPgFZE,feminism,sexual_violence,19,anti_profile
mJXeb5iHSAg,uvdHzReIGw4,feminism,sexual_violence,20,anti_profile
8ZKbKSHK0qY,2ewK9OXaoGo,feminism,dating_marriage,1,anti_profile
8ZKbKSHK0qY,2y-7CZF0qnM,feminism,dating_marriage,2,anti_profile
8ZKbKSHK0qY,dpABzWLO43M,feminism,dating_marriage,3,anti_profile
8ZKbKSHK0qY,EZWFRZ8_wI0,feminism,dating_marriage,4,anti_profile
8ZKbKSHK0qY,k2cmSw7vpPI,feminism,dating_marriage,5,anti_profile
8ZKbKSHK0qY,VpqzCWo2Ev4,feminism,dating_marriage,6,anti_profile
8ZKbKSHK0qY,3HmcwhAMmAo,feminism,dating_marriage,7,anti_profile
8ZKbKSHK0qY,oDxWuXdLL6A,feminism,dating_marriage,8,anti_profile
8ZKbKSHK0qY,rJGCjSYSo-k,feminism,dating_marriage,9,anti_profile
8ZKbKSHK0qY,qmo3zASNdp8,feminism,dating_marriage,10,anti_profile
8ZKbKSHK0qY,QEnwaVUNCaU,feminism,dating_marriage,11,anti_profile
8ZKbKSHK0qY,MHyc-6mU6Aw,feminism,dating_marriage,12,anti_profile
8ZKbKSHK0qY,g5STchALAMM,feminism,dating_marriage,13,anti_profile
8ZKbKSHK0qY,Fa51m2_OU9g,feminism,dating_marriage,14,anti_profile
8ZKbKSHK0qY,6P4iYOBw-sQ,feminism,dating_marriage,15,anti_profile
8ZKbKSHK0qY,1yVIau79Lkc,feminism,dating_marriage,16,anti_profile
8ZKbKSHK0qY,vNBhTsr1m30,feminism,dating_marriage,17,anti_profile
8ZKbKSHK0qY,iQlK9nwsOA4,feminism,dating_marriage,18,anti_profile
8ZKbKSHK0qY,jF5H_9B_RwQ,feminism,dating_marriage,19,anti_profile
8ZKbKSHK0qY,xUwikz7-wEg,feminism,dating_marriage,20,anti_profile
3luW934Kknw,EnQzS7_WMe0,feminism,dating_marriage,1,anti_profile
3luW934Kknw,MTSLWpZYj2I,feminism,dating_marriage,2,anti_profile
3luW934Kknw,nTjUCO6DWj8,feminism,dating_marriage,3,anti_profile
3luW934Kknw,rJGCjSYSo-k,feminism,dating_marriage,4,anti_profile
3luW934Kknw,DKrK3oXyMes,feminism,dating_marriage,5,anti_profile
3luW934Kknw,vNBhTsr1m30,feminism,dating_marriage,6,anti_profile
3luW934Kknw,-5BiatsX8b4,feminism,dating_marriage,7,anti_profile
3luW934Kknw,UHtkdL5ngnA,feminism,dating_marriage,8,anti_profile
3luW934Kknw,QEnwaVUNCaU,feminism,dating_marriage,9,anti_profile
3luW934Kknw,gs-h6oFgcQY,feminism,dating_marriage,10,anti_profile
3luW934Kknw,ZVI7iSMVsGs,feminism,dating_marriage,11,anti_profile
3luW934Kknw,LclWjFGSomw,feminism,dating_marriage,12,anti_profile
3luW934Kknw,OOOhr3PL4aU,feminism,dating_marriage,13,anti_profile
3luW934Kknw,s8n7P3aijKk,feminism,dating_marriage,14,anti_profile
3luW934Kknw,gKInIToiSJ0,feminism,dating_marriage,15,anti_profile
3luW934Kknw,O-Se7PIdReE,feminism,dating_marriage,16,anti_profile
3luW934Kknw,pZws_AxGxP0,feminism,dating_marriage,17,anti_profile
3luW934Kknw,NeDrIyYOWk8,feminism,dating_marriage,18,anti_profile
3luW934Kknw,rFSYaUZQ9h4,feminism,dating_marriage,19,anti_profile
3luW934Kknw,d7XzJN0ktXo,feminism,dating_marriage,20,anti_profile
sQvZbI80IvQ,2y-7CZF0qnM,feminism,gender_conflict_discourse,1,anti_profile
sQvZbI80IvQ,rJGCjSYSo-k,feminism,gender_conflict_discourse,2,anti_profile
sQvZbI80IvQ,jF5H_9B_RwQ,feminism,gender_conflict_discourse,3,anti_profile
sQvZbI80IvQ,F5wV7EZ9CjU,feminism,gender_conflict_discourse,4,anti_profile
sQvZbI80IvQ,MHyc-6mU6Aw,feminism,gender_conflict_discourse,5,anti_profile
sQvZbI80IvQ,gs-h6oFgcQY,feminism,gender_conflict_discourse,6,anti_profile
sQvZbI80IvQ,dpABzWLO43M,feminism,gender_conflict_discourse,7,anti_profile
sQvZbI80IvQ,QEnwaVUNCaU,feminism,gender_conflict_discourse,8,anti_profile
sQvZbI80IvQ,FbI6vEerwHU,feminism,gender_conflict_discourse,9,anti_profile
sQvZbI80IvQ,xUwikz7-wEg,feminism,gender_conflict_discourse,10,anti_profile
sQvZbI80IvQ,aFQKOX_X7fc,feminism,gender_conflict_discourse,11,anti_profile
sQvZbI80IvQ,tV17VtAcw9M,feminism,gender_conflict_discourse,12,anti_profile
sQvZbI80IvQ,MbJQ5twZTi4,feminism,gender_conflict_discourse,13,anti_profile
sQvZbI80IvQ,AYQHrNxNu8Y,feminism,gender_conflict_discourse,14,anti_profile
sQvZbI80IvQ,-NzJAU4_Wmk,feminism,gender_conflict_discourse,15,anti_profile
sQvZbI80IvQ,vNBhTsr1m30,feminism,gender_conflict_discourse,16,anti_profile
sQvZbI80IvQ,qb_CeZ4r6U8,feminism,gender_conflict_discourse,17,anti_profile
sQvZbI80IvQ,sVvp_DPgFZE,feminism,gender_conflict_discourse,18,anti_profile
sQvZbI80IvQ,ZPk-6asr_Lc,feminism,gender_conflict_discourse,19,anti_profile
sQvZbI80IvQ,aL49FHbPBSQ,feminism,gender_conflict_discourse,20,anti_profile
5FOC-0P0UMw,-FNIAzYLCQA,feminism,gender_conflict_discourse,1,anti_profile
5FOC-0P0UMw,O-Se7PIdReE,feminism,gender_conflict_discourse,2,anti_profile
5FOC-0P0UMw,jF5H_9B_RwQ,feminism,gender_conflict_discourse,3,anti_profile
5FOC-0P0UMw,rJGCjSYSo-k,feminism,gender_conflict_discourse,4,anti_profile
5FOC-0P0UMw,2y-7CZF0qnM,feminism,gender_conflict_discourse,5,anti_profile
5FOC-0P0UMw,F5wV7EZ9CjU,feminism,gender_conflict_discourse,6,anti_profile
5FOC-0P0UMw,s27qp6CL5DM,feminism,gender_conflict_discourse,7,anti_profile
5FOC-0P0UMw,36zNS1gtCrM,feminism,gender_conflict_discourse,8,anti_profile
5FOC-0P0UMw,VpqzCWo2Ev4,feminism,gender_conflict_discourse,9,anti_profile
5FOC-0P0UMw,vNBhTsr1m30,feminism,gender_conflict_discourse,10,anti_profile
5FOC-0P0UMw,2EtBxXrgbK0,feminism,gender_conflict_discourse,11,anti_profile
5FOC-0P0UMw,tV17VtAcw9M,feminism,gender_conflict_discourse,12,anti_profile
5FOC-0P0UMw,MbJQ5twZTi4,feminism,gender_conflict_discourse,13,anti_profile
5FOC-0P0UMw,c3KVhck4658,feminism,gender_conflict_discourse,14,anti_profile
5FOC-0P0UMw,MHyc-6mU6Aw,feminism,gender_conflict_discourse,15,anti_profile
5FOC-0P0UMw,QEzaxehny-Q,feminism,gender_conflict_discourse,16,anti_profile
5FOC-0P0UMw,ZeT1skHOXOA,feminism,gender_conflict_discourse,17,anti_profile
5FOC-0P0UMw,ZPk-6asr_Lc,feminism,gender_conflict_discourse,18,anti_profile
5FOC-0P0UMw,pZws_AxGxP0,feminism,gender_conflict_discourse,19,anti_profile
5FOC-0P0UMw,2nTTu1FyTQg,feminism,gender_conflict_discourse,20,anti_profile
TJmGWOjlNKk,jixwO_r0wWU,feminism,electoral_generational_conflict,1,anti_profile
TJmGWOjlNKk,F5wV7EZ9CjU,feminism,electoral_generational_conflict,2,anti_profile
TJmGWOjlNKk,rJGCjSYSo-k,feminism,electoral_generational_conflict,3,anti_profile
TJmGWOjlNKk,O-Se7PIdReE,feminism,electoral_generational_conflict,4,anti_profile
TJmGWOjlNKk,36zNS1gtCrM,feminism,electoral_generational_conflict,5,anti_profile
TJmGWOjlNKk,o9ExNllLUYY,feminism,electoral_generational_conflict,6,anti_profile
TJmGWOjlNKk,YCPTstdAydA,feminism,electoral_generational_conflict,7,anti_profile
TJmGWOjlNKk,0DcHuMbZjDM,feminism,electoral_generational_conflict,8,anti_profile
TJmGWOjlNKk,sVvp_DPgFZE,feminism,electoral_generational_conflict,9,anti_profile
TJmGWOjlNKk,DKrK3oXyMes,feminism,electoral_generational_conflict,10,anti_profile
TJmGWOjlNKk,ZPk-6asr_Lc,feminism,electoral_generational_conflict,11,anti_profile
TJmGWOjlNKk,UhM_SZnaofI,feminism,electoral_generational_conflict,12,anti_profile
TJmGWOjlNKk,T4SFYJM4Euw,feminism,electoral_generational_conflict,13,anti_profile
TJmGWOjlNKk,OUk_fiG3h98,feminism,electoral_generational_conflict,14,anti_profile
TJmGWOjlNKk,hZ9TsUtu9lk,feminism,electoral_generational_conflict,15,anti_profile
TJmGWOjlNKk,MbJQ5twZTi4,feminism,electoral_generational_conflict,16,anti_profile
TJmGWOjlNKk,jLWBdjpc-pM,feminism,electoral_generational_conflict,17,anti_profile
TJmGWOjlNKk,2EtBxXrgbK0,feminism,electoral_generational_conflict,18,anti_profile
TJmGWOjlNKk,c3KVhck4658,feminism,electoral_generational_conflict,19,anti_profile
TJmGWOjlNKk,IjpMbYILx5w,feminism,electoral_generational_conflict,20,anti_profile
LyeObL_dUT4,vNBhTsr1m30,feminism,electoral_generational_conflict,1,anti_profile
LyeObL_dUT4,gs-h6oFgcQY,feminism,electoral_generational_conflict,2,anti_profile
LyeObL_dUT4,gKInIToiSJ0,feminism,electoral_generational_conflict,3,anti_profile
LyeObL_dUT4,WwayyC5XcLg,feminism,electoral_generational_conflict,4,anti_profile
LyeObL_dUT4,QEnwaVUNCaU,feminism,electoral_generational_conflict,5,anti_profile
LyeObL_dUT4,eqR32c86ZlY,feminism,electoral_generational_conflict,6,anti_profile
LyeObL_dUT4,2I_DBkrHeXs,feminism,electoral_generational_conflict,7,anti_profile
LyeObL_dUT4,d7XzJN0ktXo,feminism,electoral_generational_conflict,8,anti_profile
LyeObL_dUT4,dj_QzDTRg5g,feminism,electoral_generational_conflict,9,anti_profile
LyeObL_dUT4,O-Se7PIdReE,feminism,electoral_generational_conflict,10,anti_profile
LyeObL_dUT4,BlqacP2b0os,feminism,electoral_generational_conflict,11,anti_profile
LyeObL_dUT4,3EtCmXpaMCk,feminism,electoral_generational_conflict,12,anti_profile
LyeObL_dUT4,STYBy3VdNGU,feminism,electoral_generational_conflict,13,anti_profile
LyeObL_dUT4,LclWjFGSomw,feminism,electoral_generational_conflict,14,anti_profile
LyeObL_dUT4,oGrdnwNZGQo,feminism,electoral_generational_conflict,15,anti_profile
LyeObL_dUT4,SxfhE3CpV5o,feminism,electoral_generational_conflict,16,anti_profile
LyeObL_dUT4,wothE1zFG4c,feminism,electoral_generational_conflict,17,anti_profile
LyeObL_dUT4,pZws_AxGxP0,feminism,electoral_generational_conflict,18,anti_profile
LyeObL_dUT4,RaQP7F9aU1s,feminism,electoral_generational_conflict,19,anti_profile
LyeObL_dUT4,NeDrIyYOWk8,feminism,electoral_generational_conflict,20,anti_profile
z8UvpvzEHdA,2ewK9OXaoGo,feminism,beauty_norms,1,anti_profile
z8UvpvzEHdA,Yq5-gR10feM,feminism,beauty_norms,2,anti_profile
z8UvpvzEHdA,jkNOr38S_JI,feminism,beauty_norms,3,anti_profile
z8UvpvzEHdA,2y-7CZF0qnM,feminism,beauty_norms,4,anti_profile
z8UvpvzEHdA,r0zn2e-P5x0,feminism,beauty_norms,5,anti_profile
z8UvpvzEHdA,LclWjFGSomw,feminism,beauty_norms,6,anti_profile
z8UvpvzEHdA,2nTTu1FyTQg,feminism,beauty_norms,7,anti_profile
z8UvpvzEHdA,dpABzWLO43M,feminism,beauty_norms,8,anti_profile
z8UvpvzEHdA,4uCznFPqcHE,feminism,beauty_norms,9,anti_profile
z8UvpvzEHdA,jF5H_9B_RwQ,feminism,beauty_norms,10,anti_profile
z8UvpvzEHdA,JfTuOplIOUs,feminism,beauty_norms,11,anti_profile
z8UvpvzEHdA,6P4iYOBw-sQ,feminism,beauty_norms,12,anti_profile
z8UvpvzEHdA,gs-h6oFgcQY,feminism,beauty_norms,13,anti_profile
z8UvpvzEHdA,K4Gh1U61Em4,feminism,beauty_norms,14,anti_profile
z8UvpvzEHdA,J0jURtSyOsE,feminism,beauty_norms,15,anti_profile
z8UvpvzEHdA,RcwCsd4O638,feminism,beauty_norms,16,anti_profile
z8UvpvzEHdA,KCOyva7wgVs,feminism,beauty_norms,17,anti_profile
z8UvpvzEHdA,MHyc-6mU6Aw,feminism,beauty_norms,18,anti_profile
z8UvpvzEHdA,rJGCjSYSo-k,feminism,beauty_norms,19,anti_profile
z8UvpvzEHdA,F5wV7EZ9CjU,feminism,beauty_norms,20,anti_profile
3jpnH2GkO28,Nio8kQ3KeTM,feminism,beauty_norms,1,anti_profile
3jpnH2GkO28,lyMTZyxVLJA,feminism,beauty_norms,2,anti_profile
3jpnH2GkO28,dpABzWLO43M,feminism,beauty_norms,3,anti_profile
3jpnH2GkO28,2y-7CZF0qnM,feminism,beauty_norms,4,anti_profile
3jpnH2GkO28,F5wV7EZ9CjU,feminism,beauty_norms,5,anti_profile
3jpnH2GkO28,wj1f5YGs-gg,feminism,beauty_norms,6,anti_profile
3jpnH2GkO28,2ewK9OXaoGo,feminism,beauty_norms,7,anti_profile
3jpnH2GkO28,rJGCjSYSo-k,feminism,beauty_norms,8,anti_profile
3jpnH2GkO28,MHyc-6mU6Aw,feminism,beauty_norms,9,anti_profile
3jpnH2GkO28,jF5H_9B_RwQ,feminism,beauty_norms,10,anti_profile
3jpnH2GkO28,QEnwaVUNCaU,feminism,beauty_norms,11,anti_profile
3jpnH2GkO28,HSwQ4itMC2c,feminism,beauty_norms,12,anti_profile
3jpnH2GkO28,6P4iYOBw-sQ,feminism,beauty_norms,13,anti_profile
3jpnH2GkO28,F0JTxj_0J4U,feminism,beauty_norms,14,anti_profile
3jpnH2GkO28,HJ38uLfFEIY,feminism,beauty_norms,15,anti_profile
3jpnH2GkO28,O-Se7PIdReE,feminism,beauty_norms,16,anti_profile
3jpnH2GkO28,1yVIau79Lkc,feminism,beauty_norms,17,anti_profile
3jpnH2GkO28,2nTTu1FyTQg,feminism,beauty_norms,18,anti_profile
3jpnH2GkO28,xUwikz7-wEg,feminism,beauty_norms,19,anti_profile
3jpnH2GkO28,r0zn2e-P5x0,feminism,beauty_norms,20,anti_profile
XCXDjTwbwYU,orkl3SS42BI,feminism,sexual_violence,1,fem_profile
XCXDjTwbwYU,sRFF64dEWC8,feminism,sexual_violence,2,fem_profile
XCXDjTwbwYU,D2X2KX8WtFM,feminism,sexual_violence,3,fem_profile
XCXDjTwbwYU,mJXeb5iHSAg,feminism,sexual_violence,4,fem_profile
XCXDjTwbwYU,fsdt6DfIXqA,feminism,sexual_violence,5,fem_profile
XCXDjTwbwYU,nMKp0JQ63oA,feminism,sexual_violence,6,fem_profile
XCXDjTwbwYU,7eYJQqKFSyo,feminism,sexual_violence,7,fem_profile
XCXDjTwbwYU,WGMgp8sup0w,feminism,sexual_violence,8,fem_profile
XCXDjTwbwYU,yEN0bu8EoQY,feminism,sexual_violence,9,fem_profile
XCXDjTwbwYU,9GNmfVnZEAY,feminism,sexual_violence,10,fem_profile
XCXDjTwbwYU,zGghfKiwfD4,feminism,sexual_violence,11,fem_profile
XCXDjTwbwYU,#NAME?,feminism,sexual_violence,12,fem_profile
XCXDjTwbwYU,itk5BjARJKU,feminism,sexual_violence,13,fem_profile
XCXDjTwbwYU,42UKZmG0sr8,feminism,sexual_violence,14,fem_profile
XCXDjTwbwYU,OCN-dd5J1lE,feminism,sexual_violence,15,fem_profile
XCXDjTwbwYU,cYuFnDyARBw,feminism,sexual_violence,16,fem_profile
XCXDjTwbwYU,qxpADsuaTWM,feminism,sexual_violence,17,fem_profile
XCXDjTwbwYU,mGKQaIUvd2Q,feminism,sexual_violence,18,fem_profile
XCXDjTwbwYU,wtE9cbwaBnE,feminism,sexual_violence,19,fem_profile
XCXDjTwbwYU,9En5_6GmW08,feminism,sexual_violence,20,fem_profile
mJXeb5iHSAg,VpqzCWo2Ev4,feminism,sexual_violence,1,fem_profile
mJXeb5iHSAg,FQIeZDcasdM,feminism,sexual_violence,2,fem_profile
mJXeb5iHSAg,sRFF64dEWC8,feminism,sexual_violence,3,fem_profile
mJXeb5iHSAg,cYuFnDyARBw,feminism,sexual_violence,4,fem_profile
mJXeb5iHSAg,WGMgp8sup0w,feminism,sexual_violence,5,fem_profile
mJXeb5iHSAg,_By71awkTZE,feminism,sexual_violence,6,fem_profile
mJXeb5iHSAg,D2X2KX8WtFM,feminism,sexual_violence,7,fem_profile
mJXeb5iHSAg,iuavywpsZkY,feminism,sexual_violence,8,fem_profile
mJXeb5iHSAg,2ZbP07vpt6U,feminism,sexual_violence,9,fem_profile
mJXeb5iHSAg,ql-JWAneeyw,feminism,sexual_violence,10,fem_profile
mJXeb5iHSAg,mGKQaIUvd2Q,feminism,sexual_violence,11,fem_profile
mJXeb5iHSAg,kPPkcLgoNX4,feminism,sexual_violence,12,fem_profile
mJXeb5iHSAg,HYcujfJvrTs,feminism,sexual_violence,13,fem_profile
mJXeb5iHSAg,9GNmfVnZEAY,feminism,sexual_violence,14,fem_profile
mJXeb5iHSAg,orkl3SS42BI,feminism,sexual_violence,15,fem_profile
mJXeb5iHSAg,uOnVQKzfbZI,feminism,sexual_violence,16,fem_profile
mJXeb5iHSAg,Nxd9bhSEBMI,feminism,sexual_violence,17,fem_profile
mJXeb5iHSAg,yO-ZqRmNAG0,feminism,sexual_violence,18,fem_profile
mJXeb5iHSAg,qPIEdFxVsrg,feminism,sexual_violence,19,fem_profile
mJXeb5iHSAg,9En5_6GmW08,feminism,sexual_violence,20,fem_profile
8ZKbKSHK0qY,5FOC-0P0UMw,feminism,dating_marriage,1,fem_profile
8ZKbKSHK0qY,k2cmSw7vpPI,feminism,dating_marriage,2,fem_profile
8ZKbKSHK0qY,PtnQK89YTVw,feminism,dating_marriage,3,fem_profile
8ZKbKSHK0qY,H_UCGo-pwWE,feminism,dating_marriage,4,fem_profile
8ZKbKSHK0qY,D2X2KX8WtFM,feminism,dating_marriage,5,fem_profile
8ZKbKSHK0qY,L691qyuoONU,feminism,dating_marriage,6,fem_profile
8ZKbKSHK0qY,rkWe3cfdPpk,feminism,dating_marriage,7,fem_profile
8ZKbKSHK0qY,sa6SU6XtlSY,feminism,dating_marriage,8,fem_profile
8ZKbKSHK0qY,S7e8C7fwwkg,feminism,dating_marriage,9,fem_profile
8ZKbKSHK0qY,Fa51m2_OU9g,feminism,dating_marriage,10,fem_profile
8ZKbKSHK0qY,VpqzCWo2Ev4,feminism,dating_marriage,11,fem_profile
8ZKbKSHK0qY,_kTVkpDqwhs,feminism,dating_marriage,12,fem_profile
8ZKbKSHK0qY,VFVEkeNgFlI,feminism,dating_marriage,13,fem_profile
8ZKbKSHK0qY,L5aECsy-GzA,feminism,dating_marriage,14,fem_profile
8ZKbKSHK0qY,yB0q7qWH2RA,feminism,dating_marriage,15,fem_profile
8ZKbKSHK0qY,gGVosWv_EsE,feminism,dating_marriage,16,fem_profile
8ZKbKSHK0qY,FbI6vEerwHU,feminism,dating_marriage,17,fem_profile
8ZKbKSHK0qY,sRFF64dEWC8,feminism,dating_marriage,18,fem_profile
8ZKbKSHK0qY,AbN25aFygww,feminism,dating_marriage,19,fem_profile
8ZKbKSHK0qY,9GNmfVnZEAY,feminism,dating_marriage,20,fem_profile
3luW934Kknw,D2X2KX8WtFM,feminism,dating_marriage,1,fem_profile
3luW934Kknw,fsdt6DfIXqA,feminism,dating_marriage,2,fem_profile
3luW934Kknw,itk5BjARJKU,feminism,dating_marriage,3,fem_profile
3luW934Kknw,sRFF64dEWC8,feminism,dating_marriage,4,fem_profile
3luW934Kknw,-9pAnKMFDeA,feminism,dating_marriage,5,fem_profile
3luW934Kknw,7BkLJuyDevs,feminism,dating_marriage,6,fem_profile
3luW934Kknw,orkl3SS42BI,feminism,dating_marriage,7,fem_profile
3luW934Kknw,mJXeb5iHSAg,feminism,dating_marriage,8,fem_profile
3luW934Kknw,cYuFnDyARBw,feminism,dating_marriage,9,fem_profile
3luW934Kknw,8UK6tbQklvY,feminism,dating_marriage,10,fem_profile
3luW934Kknw,Mvn_TwAwf34,feminism,dating_marriage,11,fem_profile
3luW934Kknw,sa6SU6XtlSY,feminism,dating_marriage,12,fem_profile
3luW934Kknw,dE_6PnByKgo,feminism,dating_marriage,13,fem_profile
3luW934Kknw,eLf4b-vZqYE,feminism,dating_marriage,14,fem_profile
3luW934Kknw,zGghfKiwfD4,feminism,dating_marriage,15,fem_profile
3luW934Kknw,WvX4hDBkFiE,feminism,dating_marriage,16,fem_profile
3luW934Kknw,dRkU55srCHs,feminism,dating_marriage,17,fem_profile
3luW934Kknw,_kTVkpDqwhs,feminism,dating_marriage,18,fem_profile
3luW934Kknw,yEN0bu8EoQY,feminism,dating_marriage,19,fem_profile
3luW934Kknw,5Z0XAnXu-ZI,feminism,dating_marriage,20,fem_profile
sQvZbI80IvQ,pdLHk6SZPIo,feminism,gender_conflict_discourse,1,fem_profile
sQvZbI80IvQ,WzLBg9xpsfM,feminism,gender_conflict_discourse,2,fem_profile
sQvZbI80IvQ,G2OFnCfqGf8,feminism,gender_conflict_discourse,3,fem_profile
sQvZbI80IvQ,WGMgp8sup0w,feminism,gender_conflict_discourse,4,fem_profile
sQvZbI80IvQ,L691qyuoONU,feminism,gender_conflict_discourse,5,fem_profile
sQvZbI80IvQ,D2X2KX8WtFM,feminism,gender_conflict_discourse,6,fem_profile
sQvZbI80IvQ,V-986gyFiKI,feminism,gender_conflict_discourse,7,fem_profile
sQvZbI80IvQ,rkWe3cfdPpk,feminism,gender_conflict_discourse,8,fem_profile
sQvZbI80IvQ,m-o4psmnF_8,feminism,gender_conflict_discourse,9,fem_profile
sQvZbI80IvQ,DOuv8Uc53Qo,feminism,gender_conflict_discourse,10,fem_profile
sQvZbI80IvQ,oYu-OXyMEk4,feminism,gender_conflict_discourse,11,fem_profile
sQvZbI80IvQ,sa6SU6XtlSY,feminism,gender_conflict_discourse,12,fem_profile
sQvZbI80IvQ,7FURpcE-JzE,feminism,gender_conflict_discourse,13,fem_profile
sQvZbI80IvQ,SGjJnFNRlN0,feminism,gender_conflict_discourse,14,fem_profile
sQvZbI80IvQ,7BkLJuyDevs,feminism,gender_conflict_discourse,15,fem_profile
sQvZbI80IvQ,UkSL7oyX_48,feminism,gender_conflict_discourse,16,fem_profile
sQvZbI80IvQ,aOYwJjO_V_M,feminism,gender_conflict_discourse,17,fem_profile
sQvZbI80IvQ,sRFF64dEWC8,feminism,gender_conflict_discourse,18,fem_profile
sQvZbI80IvQ,2BPxHzUeVkg,feminism,gender_conflict_discourse,19,fem_profile
sQvZbI80IvQ,FWPAsbNrsuU,feminism,gender_conflict_discourse,20,fem_profile
5FOC-0P0UMw,wtE9cbwaBnE,feminism,gender_conflict_discourse,1,fem_profile
5FOC-0P0UMw,gMpFERW-L1g,feminism,gender_conflict_discourse,2,fem_profile
5FOC-0P0UMw,m-o4psmnF_8,feminism,gender_conflict_discourse,3,fem_profile
5FOC-0P0UMw,PlzM9QwUpRM,feminism,gender_conflict_discourse,4,fem_profile
5FOC-0P0UMw,yAMabYGU6h0,feminism,gender_conflict_discourse,5,fem_profile
5FOC-0P0UMw,9En5_6GmW08,feminism,gender_conflict_discourse,6,fem_profile
5FOC-0P0UMw,#NAME?,feminism,gender_conflict_discourse,7,fem_profile
5FOC-0P0UMw,J3rODkK_gCQ,feminism,gender_conflict_discourse,8,fem_profile
5FOC-0P0UMw,mJXeb5iHSAg,feminism,gender_conflict_discourse,9,fem_profile
5FOC-0P0UMw,VpqzCWo2Ev4,feminism,gender_conflict_discourse,10,fem_profile
5FOC-0P0UMw,WGMgp8sup0w,feminism,gender_conflict_discourse,11,fem_profile
5FOC-0P0UMw,qGZkmUMW_TM,feminism,gender_conflict_discourse,12,fem_profile
5FOC-0P0UMw,oBIo2AyjNMo,feminism,gender_conflict_discourse,13,fem_profile
5FOC-0P0UMw,p-N3-Q8WyfU,feminism,gender_conflict_discourse,14,fem_profile
5FOC-0P0UMw,MHyc-6mU6Aw,feminism,gender_conflict_discourse,15,fem_profile
5FOC-0P0UMw,cYuFnDyARBw,feminism,gender_conflict_discourse,16,fem_profile
5FOC-0P0UMw,sRFF64dEWC8,feminism,gender_conflict_discourse,17,fem_profile
5FOC-0P0UMw,8OYbPNO3cnc,feminism,gender_conflict_discourse,18,fem_profile
5FOC-0P0UMw,RzS1QAX2ub0,feminism,gender_conflict_discourse,19,fem_profile
5FOC-0P0UMw,uhFgbyypehc,feminism,gender_conflict_discourse,20,fem_profile
TJmGWOjlNKk,o9ExNllLUYY,feminism,electoral_generational_conflict,1,fem_profile
TJmGWOjlNKk,zGghfKiwfD4,feminism,electoral_generational_conflict,2,fem_profile
TJmGWOjlNKk,7BkLJuyDevs,feminism,electoral_generational_conflict,3,fem_profile
TJmGWOjlNKk,rSqxxUXTkfU,feminism,electoral_generational_conflict,4,fem_profile
TJmGWOjlNKk,4wmYHkruOOA,feminism,electoral_generational_conflict,5,fem_profile
TJmGWOjlNKk,mJXeb5iHSAg,feminism,electoral_generational_conflict,6,fem_profile
TJmGWOjlNKk,xBT9fkOYrv4,feminism,electoral_generational_conflict,7,fem_profile
TJmGWOjlNKk,x287A2V9UB4,feminism,electoral_generational_conflict,8,fem_profile
TJmGWOjlNKk,WGMgp8sup0w,feminism,electoral_generational_conflict,9,fem_profile
TJmGWOjlNKk,#NAME?,feminism,electoral_generational_conflict,10,fem_profile
TJmGWOjlNKk,bKbo8Rr5Y_0,feminism,electoral_generational_conflict,11,fem_profile
TJmGWOjlNKk,I8oSZyU6hKo,feminism,electoral_generational_conflict,12,fem_profile
TJmGWOjlNKk,Cz6F9uUiRr4,feminism,electoral_generational_conflict,13,fem_profile
TJmGWOjlNKk,sRFF64dEWC8,feminism,electoral_generational_conflict,14,fem_profile
TJmGWOjlNKk,OUk_fiG3h98,feminism,electoral_generational_conflict,15,fem_profile
TJmGWOjlNKk,#NAME?,feminism,electoral_generational_conflict,16,fem_profile
TJmGWOjlNKk,RzS1QAX2ub0,feminism,electoral_generational_conflict,17,fem_profile
TJmGWOjlNKk,xKtqMDX3uAE,feminism,electoral_generational_conflict,18,fem_profile
TJmGWOjlNKk,InmSMUSYKAY,feminism,electoral_generational_conflict,19,fem_profile
TJmGWOjlNKk,cYuFnDyARBw,feminism,electoral_generational_conflict,20,fem_profile
LyeObL_dUT4,rSqxxUXTkfU,feminism,electoral_generational_conflict,1,fem_profile
LyeObL_dUT4,oGrdnwNZGQo,feminism,electoral_generational_conflict,2,fem_profile
LyeObL_dUT4,D2X2KX8WtFM,feminism,electoral_generational_conflict,3,fem_profile
LyeObL_dUT4,orkl3SS42BI,feminism,electoral_generational_conflict,4,fem_profile
LyeObL_dUT4,WvX4hDBkFiE,feminism,electoral_generational_conflict,5,fem_profile
LyeObL_dUT4,6m1NYkF6a_M,feminism,electoral_generational_conflict,6,fem_profile
LyeObL_dUT4,IbprY3fx3jg,feminism,electoral_generational_conflict,7,fem_profile
LyeObL_dUT4,sRFF64dEWC8,feminism,electoral_generational_conflict,8,fem_profile
LyeObL_dUT4,9En5_6GmW08,feminism,electoral_generational_conflict,9,fem_profile
LyeObL_dUT4,cRb6OAdUxSM,feminism,electoral_generational_conflict,10,fem_profile
LyeObL_dUT4,m-o4psmnF_8,feminism,electoral_generational_conflict,11,fem_profile
LyeObL_dUT4,kWo7fnvZ13w,feminism,electoral_generational_conflict,12,fem_profile
LyeObL_dUT4,Mvn_TwAwf34,feminism,electoral_generational_conflict,13,fem_profile
LyeObL_dUT4,mJXeb5iHSAg,feminism,electoral_generational_conflict,14,fem_profile
LyeObL_dUT4,9EEf5jFgQT4,feminism,electoral_generational_conflict,15,fem_profile
LyeObL_dUT4,oGeXDTgU1AM,feminism,electoral_generational_conflict,16,fem_profile
LyeObL_dUT4,7BkLJuyDevs,feminism,electoral_generational_conflict,17,fem_profile
LyeObL_dUT4,T3OxApzN9oc,feminism,electoral_generational_conflict,18,fem_profile
LyeObL_dUT4,BxNg45UTFGU,feminism,electoral_generational_conflict,19,fem_profile
LyeObL_dUT4,1FCWOCEGlis,feminism,electoral_generational_conflict,20,fem_profile
z8UvpvzEHdA,2ewK9OXaoGo,feminism,beauty_norms,1,fem_profile
z8UvpvzEHdA,jFKnk_UNjx8,feminism,beauty_norms,2,fem_profile
z8UvpvzEHdA,o8ARA3Mhr2Y,feminism,beauty_norms,3,fem_profile
z8UvpvzEHdA,30dKS39GnXg,feminism,beauty_norms,4,fem_profile
z8UvpvzEHdA,RcwCsd4O638,feminism,beauty_norms,5,fem_profile
z8UvpvzEHdA,J9ta0iRKexU,feminism,beauty_norms,6,fem_profile
z8UvpvzEHdA,DfrMCmdaLzA,feminism,beauty_norms,7,fem_profile
z8UvpvzEHdA,WvX4hDBkFiE,feminism,beauty_norms,8,fem_profile
z8UvpvzEHdA,UBiISKpjt1Q,feminism,beauty_norms,9,fem_profile
z8UvpvzEHdA,AYdoIdnOVt4,feminism,beauty_norms,10,fem_profile
z8UvpvzEHdA,WGMgp8sup0w,feminism,beauty_norms,11,fem_profile
z8UvpvzEHdA,Oyus6N4elwM,feminism,beauty_norms,12,fem_profile
z8UvpvzEHdA,nGjHJ2ZXwhE,feminism,beauty_norms,13,fem_profile
z8UvpvzEHdA,sRFF64dEWC8,feminism,beauty_norms,14,fem_profile
z8UvpvzEHdA,9En5_6GmW08,feminism,beauty_norms,15,fem_profile
z8UvpvzEHdA,JfTuOplIOUs,feminism,beauty_norms,16,fem_profile
z8UvpvzEHdA,rPrvvj78uSY,feminism,beauty_norms,17,fem_profile
z8UvpvzEHdA,4Sq-yQDx-as,feminism,beauty_norms,18,fem_profile
z8UvpvzEHdA,Av-kCDQIf50,feminism,beauty_norms,19,fem_profile
z8UvpvzEHdA,zRzuj4gy9HY,feminism,beauty_norms,20,fem_profile
3jpnH2GkO28,broFFZqzsp4,feminism,beauty_norms,1,fem_profile
3jpnH2GkO28,5wVEfBEPK1E,feminism,beauty_norms,2,fem_profile
3jpnH2GkO28,r78s4-fCJ5M,feminism,beauty_norms,3,fem_profile
3jpnH2GkO28,HwtwaLvKggo,feminism,beauty_norms,4,fem_profile
3jpnH2GkO28,6LGciQK_eR4,feminism,beauty_norms,5,fem_profile
3jpnH2GkO28,2xwIxb4sRGI,feminism,beauty_norms,6,fem_profile
3jpnH2GkO28,1821EfKXCaI,feminism,beauty_norms,7,fem_profile
3jpnH2GkO28,HJ38uLfFEIY,feminism,beauty_norms,8,fem_profile
3jpnH2GkO28,S3NTksDLxXs,feminism,beauty_norms,9,fem_profile
3jpnH2GkO28,xBT9fkOYrv4,feminism,beauty_norms,10,fem_profile
3jpnH2GkO28,7H49WjmfWQA,feminism,beauty_norms,11,fem_profile
3jpnH2GkO28,VAm5akxYnNA,feminism,beauty_norms,12,fem_profile
3jpnH2GkO28,EHB0vz0_5fI,feminism,beauty_norms,13,fem_profile
3jpnH2GkO28,bKbo8Rr5Y_0,feminism,beauty_norms,14,fem_profile
3jpnH2GkO28,5Hb20TZzcug,feminism,beauty_norms,15,fem_profile
3jpnH2GkO28,uUplfLWq8hA,feminism,beauty_norms,16,fem_profile
3jpnH2GkO28,wj1f5YGs-gg,feminism,beauty_norms,17,fem_profile
3jpnH2GkO28,Oyus6N4elwM,feminism,beauty_norms,18,fem_profile
3jpnH2GkO28,kUjX-X1DMkc,feminism,beauty_norms,19,fem_profile
3jpnH2GkO28,lyMTZyxVLJA,feminism,beauty_norms,20,fem_profile
I8X66YHIHEA,sRFF64dEWC8,anti_feminism,sexual_violence,1,fem_profile
I8X66YHIHEA,nowv3h-ajSc,anti_feminism,sexual_violence,2,fem_profile
I8X66YHIHEA,gvLWLmsfk7M,anti_feminism,sexual_violence,3,fem_profile
I8X66YHIHEA,hgNwxg5Et2w,anti_feminism,sexual_violence,4,fem_profile
I8X66YHIHEA,nMKp0JQ63oA,anti_feminism,sexual_violence,5,fem_profile
I8X66YHIHEA,4XqQVKPNr3s,anti_feminism,sexual_violence,6,fem_profile
I8X66YHIHEA,KNoj5e1v8xI,anti_feminism,sexual_violence,7,fem_profile
I8X66YHIHEA,HwG6j9oydpA,anti_feminism,sexual_violence,8,fem_profile
I8X66YHIHEA,mJXeb5iHSAg,anti_feminism,sexual_violence,9,fem_profile
I8X66YHIHEA,aylGYuAuCqQ,anti_feminism,sexual_violence,10,fem_profile
I8X66YHIHEA,MikbGE4YClE,anti_feminism,sexual_violence,11,fem_profile
I8X66YHIHEA,orkl3SS42BI,anti_feminism,sexual_violence,12,fem_profile
I8X66YHIHEA,9LmoMnzBcHI,anti_feminism,sexual_violence,13,fem_profile
I8X66YHIHEA,yEN0bu8EoQY,anti_feminism,sexual_violence,14,fem_profile
I8X66YHIHEA,qGZkmUMW_TM,anti_feminism,sexual_violence,15,fem_profile
I8X66YHIHEA,#NAME?,anti_feminism,sexual_violence,16,fem_profile
I8X66YHIHEA,dj_QzDTRg5g,anti_feminism,sexual_violence,17,fem_profile
I8X66YHIHEA,5Z0XAnXu-ZI,anti_feminism,sexual_violence,18,fem_profile
I8X66YHIHEA,WUAPu89oRNs,anti_feminism,sexual_violence,19,fem_profile
I8X66YHIHEA,VpqzCWo2Ev4,anti_feminism,sexual_violence,20,fem_profile
2xE00wGzy1M,YCDLheckOh0,anti_feminism,sexual_violence,1,fem_profile
2xE00wGzy1M,WGMgp8sup0w,anti_feminism,sexual_violence,2,fem_profile
2xE00wGzy1M,mJXeb5iHSAg,anti_feminism,sexual_violence,3,fem_profile
2xE00wGzy1M,jzztSUo8bmE,anti_feminism,sexual_violence,4,fem_profile
2xE00wGzy1M,s1oI9ZTSCdo,anti_feminism,sexual_violence,5,fem_profile
2xE00wGzy1M,N_NaQ8WKC_0,anti_feminism,sexual_violence,6,fem_profile
2xE00wGzy1M,JaTmPk30R2I,anti_feminism,sexual_violence,7,fem_profile
2xE00wGzy1M,sRFF64dEWC8,anti_feminism,sexual_violence,8,fem_profile
2xE00wGzy1M,cM22FQe6LuI,anti_feminism,sexual_violence,9,fem_profile
2xE00wGzy1M,iRFIE1uXIp4,anti_feminism,sexual_violence,10,fem_profile
2xE00wGzy1M,bKbo8Rr5Y_0,anti_feminism,sexual_violence,11,fem_profile
2xE00wGzy1M,jrT3SmKgrOo,anti_feminism,sexual_violence,12,fem_profile
2xE00wGzy1M,5Z0XAnXu-ZI,anti_feminism,sexual_violence,13,fem_profile
2xE00wGzy1M,nMKp0JQ63oA,anti_feminism,sexual_violence,14,fem_profile
2xE00wGzy1M,hgNwxg5Et2w,anti_feminism,sexual_violence,15,fem_profile
2xE00wGzy1M,4XqQVKPNr3s,anti_feminism,sexual_violence,16,fem_profile
2xE00wGzy1M,_By71awkTZE,anti_feminism,sexual_violence,17,fem_profile
2xE00wGzy1M,AZ5ybRlE8J8,anti_feminism,sexual_violence,18,fem_profile
2xE00wGzy1M,#NAME?,anti_feminism,sexual_violence,19,fem_profile
2xE00wGzy1M,srL1p8p5FU4,anti_feminism,sexual_violence,20,fem_profile
A9kKp94b8kw,HwtwaLvKggo,anti_feminism,dating_marriage,1,fem_profile
A9kKp94b8kw,xBT9fkOYrv4,anti_feminism,dating_marriage,2,fem_profile
A9kKp94b8kw,kp4aOcgjFKM,anti_feminism,dating_marriage,3,fem_profile
A9kKp94b8kw,Eu0XMrZ55CE,anti_feminism,dating_marriage,4,fem_profile
A9kKp94b8kw,uUplfLWq8hA,anti_feminism,dating_marriage,5,fem_profile
A9kKp94b8kw,NWpdd-AgbWQ,anti_feminism,dating_marriage,6,fem_profile
A9kKp94b8kw,S7e8C7fwwkg,anti_feminism,dating_marriage,7,fem_profile
A9kKp94b8kw,Z97n_QmHE5g,anti_feminism,dating_marriage,8,fem_profile
A9kKp94b8kw,inrVnIrVAQA,anti_feminism,dating_marriage,9,fem_profile
A9kKp94b8kw,uqwmJBuH5EI,anti_feminism,dating_marriage,10,fem_profile
A9kKp94b8kw,Ldf0WBni8ww,anti_feminism,dating_marriage,11,fem_profile
A9kKp94b8kw,79uxxpPmLts,anti_feminism,dating_marriage,12,fem_profile
A9kKp94b8kw,bKbo8Rr5Y_0,anti_feminism,dating_marriage,13,fem_profile
A9kKp94b8kw,YCDLheckOh0,anti_feminism,dating_marriage,14,fem_profile
A9kKp94b8kw,Oyus6N4elwM,anti_feminism,dating_marriage,15,fem_profile
A9kKp94b8kw,Riu6YgnKGo8,anti_feminism,dating_marriage,16,fem_profile
A9kKp94b8kw,sRFF64dEWC8,anti_feminism,dating_marriage,17,fem_profile
A9kKp94b8kw,D2p5HZWuJbo,anti_feminism,dating_marriage,18,fem_profile
A9kKp94b8kw,2l8T3pSevJ0,anti_feminism,dating_marriage,19,fem_profile
A9kKp94b8kw,5FOC-0P0UMw,anti_feminism,dating_marriage,20,fem_profile
PrfaI9z0mGU,HwtwaLvKggo,anti_feminism,dating_marriage,1,fem_profile
PrfaI9z0mGU,xBT9fkOYrv4,anti_feminism,dating_marriage,2,fem_profile
PrfaI9z0mGU,8mz7clD_sLM,anti_feminism,dating_marriage,3,fem_profile
PrfaI9z0mGU,0QjKiGay3QQ,anti_feminism,dating_marriage,4,fem_profile
PrfaI9z0mGU,4Sj2DG3wNvs,anti_feminism,dating_marriage,5,fem_profile
PrfaI9z0mGU,mJXeb5iHSAg,anti_feminism,dating_marriage,6,fem_profile
PrfaI9z0mGU,#NAME?,anti_feminism,dating_marriage,7,fem_profile
PrfaI9z0mGU,s2FDNTV74Ys,anti_feminism,dating_marriage,8,fem_profile
PrfaI9z0mGU,x287A2V9UB4,anti_feminism,dating_marriage,9,fem_profile
PrfaI9z0mGU,An7a7jXIxnk,anti_feminism,dating_marriage,10,fem_profile
PrfaI9z0mGU,bKbo8Rr5Y_0,anti_feminism,dating_marriage,11,fem_profile
PrfaI9z0mGU,Oyus6N4elwM,anti_feminism,dating_marriage,12,fem_profile
PrfaI9z0mGU,TQwOUxo9vUM,anti_feminism,dating_marriage,13,fem_profile
PrfaI9z0mGU,_By71awkTZE,anti_feminism,dating_marriage,14,fem_profile
PrfaI9z0mGU,uUplfLWq8hA,anti_feminism,dating_marriage,15,fem_profile
PrfaI9z0mGU,b_NPjrLQoEI,anti_feminism,dating_marriage,16,fem_profile
PrfaI9z0mGU,WvX4hDBkFiE,anti_feminism,dating_marriage,17,fem_profile
PrfaI9z0mGU,F2hzeNWoB_Q,anti_feminism,dating_marriage,18,fem_profile
PrfaI9z0mGU,5FOC-0P0UMw,anti_feminism,dating_marriage,19,fem_profile
PrfaI9z0mGU,sRFF64dEWC8,anti_feminism,dating_marriage,20,fem_profile
rDWTEVUfEcY,rSqxxUXTkfU,anti_feminism,gender_conflict_discourse,1,fem_profile
rDWTEVUfEcY,K_IGrEmA7tM,anti_feminism,gender_conflict_discourse,2,fem_profile
rDWTEVUfEcY,WvX4hDBkFiE,anti_feminism,gender_conflict_discourse,3,fem_profile
rDWTEVUfEcY,WGMgp8sup0w,anti_feminism,gender_conflict_discourse,4,fem_profile
rDWTEVUfEcY,9En5_6GmW08,anti_feminism,gender_conflict_discourse,5,fem_profile
rDWTEVUfEcY,mJXeb5iHSAg,anti_feminism,gender_conflict_discourse,6,fem_profile
rDWTEVUfEcY,VpqzCWo2Ev4,anti_feminism,gender_conflict_discourse,7,fem_profile
rDWTEVUfEcY,cYuFnDyARBw,anti_feminism,gender_conflict_discourse,8,fem_profile
rDWTEVUfEcY,7BkLJuyDevs,anti_feminism,gender_conflict_discourse,9,fem_profile
rDWTEVUfEcY,orkl3SS42BI,anti_feminism,gender_conflict_discourse,10,fem_profile
rDWTEVUfEcY,oGeXDTgU1AM,anti_feminism,gender_conflict_discourse,11,fem_profile
rDWTEVUfEcY,m-o4psmnF_8,anti_feminism,gender_conflict_discourse,12,fem_profile
rDWTEVUfEcY,ZW1bIqDrBEo,anti_feminism,gender_conflict_discourse,13,fem_profile
rDWTEVUfEcY,DnPrxy-QTy0,anti_feminism,gender_conflict_discourse,14,fem_profile
rDWTEVUfEcY,bKbo8Rr5Y_0,anti_feminism,gender_conflict_discourse,15,fem_profile
rDWTEVUfEcY,sRFF64dEWC8,anti_feminism,gender_conflict_discourse,16,fem_profile
rDWTEVUfEcY,ZOi1N9vtyCM,anti_feminism,gender_conflict_discourse,17,fem_profile
rDWTEVUfEcY,08PlDdDmEDI,anti_feminism,gender_conflict_discourse,18,fem_profile
rDWTEVUfEcY,MHyc-6mU6Aw,anti_feminism,gender_conflict_discourse,19,fem_profile
rDWTEVUfEcY,D2X2KX8WtFM,anti_feminism,gender_conflict_discourse,20,fem_profile
zaUVwiD2keU,PlzM9QwUpRM,anti_feminism,gender_conflict_discourse,1,fem_profile
zaUVwiD2keU,WGMgp8sup0w,anti_feminism,gender_conflict_discourse,2,fem_profile
zaUVwiD2keU,Dg2jvCTdHWY,anti_feminism,gender_conflict_discourse,3,fem_profile
zaUVwiD2keU,WvX4hDBkFiE,anti_feminism,gender_conflict_discourse,4,fem_profile
zaUVwiD2keU,mJXeb5iHSAg,anti_feminism,gender_conflict_discourse,5,fem_profile
zaUVwiD2keU,OOz95-8tQic,anti_feminism,gender_conflict_discourse,6,fem_profile
zaUVwiD2keU,9En5_6GmW08,anti_feminism,gender_conflict_discourse,7,fem_profile
zaUVwiD2keU,LPZh9BOjkQs,anti_feminism,gender_conflict_discourse,8,fem_profile
zaUVwiD2keU,sRFF64dEWC8,anti_feminism,gender_conflict_discourse,9,fem_profile
zaUVwiD2keU,VpqzCWo2Ev4,anti_feminism,gender_conflict_discourse,10,fem_profile
zaUVwiD2keU,xBT9fkOYrv4,anti_feminism,gender_conflict_discourse,11,fem_profile
zaUVwiD2keU,orkl3SS42BI,anti_feminism,gender_conflict_discourse,12,fem_profile
zaUVwiD2keU,K_IGrEmA7tM,anti_feminism,gender_conflict_discourse,13,fem_profile
zaUVwiD2keU,bKbo8Rr5Y_0,anti_feminism,gender_conflict_discourse,14,fem_profile
zaUVwiD2keU,qhluH7CanNM,anti_feminism,gender_conflict_discourse,15,fem_profile
zaUVwiD2keU,cYuFnDyARBw,anti_feminism,gender_conflict_discourse,16,fem_profile
zaUVwiD2keU,4osogSFa7hA,anti_feminism,gender_conflict_discourse,17,fem_profile
zaUVwiD2keU,4m00WPCvRZw,anti_feminism,gender_conflict_discourse,18,fem_profile
zaUVwiD2keU,J1FNN34HCsQ,anti_feminism,gender_conflict_discourse,19,fem_profile
zaUVwiD2keU,RzS1QAX2ub0,anti_feminism,gender_conflict_discourse,20,fem_profile
2F4R2yv9Vv0,m-o4psmnF_8,anti_feminism,electoral_generational_conflict,1,fem_profile
2F4R2yv9Vv0,7eYJQqKFSyo,anti_feminism,electoral_generational_conflict,2,fem_profile
2F4R2yv9Vv0,zGghfKiwfD4,anti_feminism,electoral_generational_conflict,3,fem_profile
2F4R2yv9Vv0,mJXeb5iHSAg,anti_feminism,electoral_generational_conflict,4,fem_profile
2F4R2yv9Vv0,KSsNViYImt0,anti_feminism,electoral_generational_conflict,5,fem_profile
2F4R2yv9Vv0,WvX4hDBkFiE,anti_feminism,electoral_generational_conflict,6,fem_profile
2F4R2yv9Vv0,pZws_AxGxP0,anti_feminism,electoral_generational_conflict,7,fem_profile
2F4R2yv9Vv0,D2X2KX8WtFM,anti_feminism,electoral_generational_conflict,8,fem_profile
2F4R2yv9Vv0,sRFF64dEWC8,anti_feminism,electoral_generational_conflict,9,fem_profile
2F4R2yv9Vv0,qGZkmUMW_TM,anti_feminism,electoral_generational_conflict,10,fem_profile
2F4R2yv9Vv0,WGMgp8sup0w,anti_feminism,electoral_generational_conflict,11,fem_profile
2F4R2yv9Vv0,j714vCY8jjI,anti_feminism,electoral_generational_conflict,12,fem_profile
2F4R2yv9Vv0,XMPJMPasjk8,anti_feminism,electoral_generational_conflict,13,fem_profile
2F4R2yv9Vv0,9En5_6GmW08,anti_feminism,electoral_generational_conflict,14,fem_profile
2F4R2yv9Vv0,VpqzCWo2Ev4,anti_feminism,electoral_generational_conflict,15,fem_profile
2F4R2yv9Vv0,orkl3SS42BI,anti_feminism,electoral_generational_conflict,16,fem_profile
2F4R2yv9Vv0,uj-uWz-wsKI,anti_feminism,electoral_generational_conflict,17,fem_profile
2F4R2yv9Vv0,wtE9cbwaBnE,anti_feminism,electoral_generational_conflict,18,fem_profile
2F4R2yv9Vv0,_By71awkTZE,anti_feminism,electoral_generational_conflict,19,fem_profile
2F4R2yv9Vv0,yEN0bu8EoQY,anti_feminism,electoral_generational_conflict,20,fem_profile
U2oPNZkA6Do,rSqxxUXTkfU,anti_feminism,electoral_generational_conflict,1,fem_profile
U2oPNZkA6Do,5Z0XAnXu-ZI,anti_feminism,electoral_generational_conflict,2,fem_profile
U2oPNZkA6Do,kiUXIlY_WyM,anti_feminism,electoral_generational_conflict,3,fem_profile
U2oPNZkA6Do,D2X2KX8WtFM,anti_feminism,electoral_generational_conflict,4,fem_profile
U2oPNZkA6Do,j4M760uHsiY,anti_feminism,electoral_generational_conflict,5,fem_profile
U2oPNZkA6Do,Ylj5Aun0cjQ,anti_feminism,electoral_generational_conflict,6,fem_profile
U2oPNZkA6Do,jzztSUo8bmE,anti_feminism,electoral_generational_conflict,7,fem_profile
U2oPNZkA6Do,iutnOP0urNo,anti_feminism,electoral_generational_conflict,8,fem_profile
U2oPNZkA6Do,04zCXTKuMMk,anti_feminism,electoral_generational_conflict,9,fem_profile
U2oPNZkA6Do,q_aZzCwksLI,anti_feminism,electoral_generational_conflict,10,fem_profile
U2oPNZkA6Do,oGeXDTgU1AM,anti_feminism,electoral_generational_conflict,11,fem_profile
U2oPNZkA6Do,WvX4hDBkFiE,anti_feminism,electoral_generational_conflict,12,fem_profile
U2oPNZkA6Do,9En5_6GmW08,anti_feminism,electoral_generational_conflict,13,fem_profile
U2oPNZkA6Do,mJXeb5iHSAg,anti_feminism,electoral_generational_conflict,14,fem_profile
U2oPNZkA6Do,15qr0AMiM2M,anti_feminism,electoral_generational_conflict,15,fem_profile
U2oPNZkA6Do,7BkLJuyDevs,anti_feminism,electoral_generational_conflict,16,fem_profile
U2oPNZkA6Do,ljslJCU0zcI,anti_feminism,electoral_generational_conflict,17,fem_profile
U2oPNZkA6Do,orkl3SS42BI,anti_feminism,electoral_generational_conflict,18,fem_profile
U2oPNZkA6Do,WqUfPdkk_II,anti_feminism,electoral_generational_conflict,19,fem_profile
U2oPNZkA6Do,f_yEsI0ZNNo,anti_feminism,electoral_generational_conflict,20,fem_profile
5bD3xJ3MDf4,4ZNgXeNxfMQ,anti_feminism,beauty_norms,1,fem_profile
5bD3xJ3MDf4,5FOC-0P0UMw,anti_feminism,beauty_norms,2,fem_profile
5bD3xJ3MDf4,DQxC2XG7whc,anti_feminism,beauty_norms,3,fem_profile
5bD3xJ3MDf4,WvX4hDBkFiE,anti_feminism,beauty_norms,4,fem_profile
5bD3xJ3MDf4,LPZ5HYO1EaI,anti_feminism,beauty_norms,5,fem_profile
5bD3xJ3MDf4,K_IGrEmA7tM,anti_feminism,beauty_norms,6,fem_profile
5bD3xJ3MDf4,nMKp0JQ63oA,anti_feminism,beauty_norms,7,fem_profile
5bD3xJ3MDf4,WGMgp8sup0w,anti_feminism,beauty_norms,8,fem_profile
5bD3xJ3MDf4,wQjXjfpw2nM,anti_feminism,beauty_norms,9,fem_profile
5bD3xJ3MDf4,VpqzCWo2Ev4,anti_feminism,beauty_norms,10,fem_profile
5bD3xJ3MDf4,xKvVXzvfDPs,anti_feminism,beauty_norms,11,fem_profile
5bD3xJ3MDf4,RzS1QAX2ub0,anti_feminism,beauty_norms,12,fem_profile
5bD3xJ3MDf4,vO2Wl0F6QWs,anti_feminism,beauty_norms,13,fem_profile
5bD3xJ3MDf4,9En5_6GmW08,anti_feminism,beauty_norms,14,fem_profile
5bD3xJ3MDf4,itk5BjARJKU,anti_feminism,beauty_norms,15,fem_profile
5bD3xJ3MDf4,sRFF64dEWC8,anti_feminism,beauty_norms,16,fem_profile
5bD3xJ3MDf4,#NAME?,anti_feminism,beauty_norms,17,fem_profile
5bD3xJ3MDf4,nGjHJ2ZXwhE,anti_feminism,beauty_norms,18,fem_profile
5bD3xJ3MDf4,OeClrlcnuy8,anti_feminism,beauty_norms,19,fem_profile
5bD3xJ3MDf4,An7a7jXIxnk,anti_feminism,beauty_norms,20,fem_profile
39CppyooX14,HwtwaLvKggo,anti_feminism,beauty_norms,1,fem_profile
39CppyooX14,9En5_6GmW08,anti_feminism,beauty_norms,2,fem_profile
39CppyooX14,YIJwLt7tQXk,anti_feminism,beauty_norms,3,fem_profile
39CppyooX14,1821EfKXCaI,anti_feminism,beauty_norms,4,fem_profile
39CppyooX14,K_IGrEmA7tM,anti_feminism,beauty_norms,5,fem_profile
39CppyooX14,J1_JW38xQMk,anti_feminism,beauty_norms,6,fem_profile
39CppyooX14,MoXIxX84Wtg,anti_feminism,beauty_norms,7,fem_profile
39CppyooX14,mJXeb5iHSAg,anti_feminism,beauty_norms,8,fem_profile
39CppyooX14,4uCznFPqcHE,anti_feminism,beauty_norms,9,fem_profile
39CppyooX14,WvX4hDBkFiE,anti_feminism,beauty_norms,10,fem_profile
39CppyooX14,VpqzCWo2Ev4,anti_feminism,beauty_norms,11,fem_profile
39CppyooX14,AYdoIdnOVt4,anti_feminism,beauty_norms,12,fem_profile
39CppyooX14,sRFF64dEWC8,anti_feminism,beauty_norms,13,fem_profile
39CppyooX14,WGMgp8sup0w,anti_feminism,beauty_norms,14,fem_profile
39CppyooX14,7BkLJuyDevs,anti_feminism,beauty_norms,15,fem_profile
39CppyooX14,VAm5akxYnNA,anti_feminism,beauty_norms,16,fem_profile
39CppyooX14,uUplfLWq8hA,anti_feminism,beauty_norms,17,fem_profile
39CppyooX14,NKIsuDKMWyk,anti_feminism,beauty_norms,18,fem_profile
39CppyooX14,Oyus6N4elwM,anti_feminism,beauty_norms,19,fem_profile
39CppyooX14,bKbo8Rr5Y_0,anti_feminism,beauty_norms,20,fem_profile
